<?xml version="1.0" encoding="ISO-8859-1"?>
<SunopsisExport>
<Admin RepositoryVersion="04.03.04.02" />
<Object class="com.sunopsis.dwg.dbobj.SnpTrt">
		<Field name="ExtVersion" type="java.lang.String">null</Field>
	<Field name="FirstDate" type="java.sql.Timestamp"><![CDATA[2012-09-23 18:18:08.0]]></Field>
	<Field name="FirstUser" type="java.lang.String"><![CDATA[SUPERVISOR]]></Field>
	<Field name="IndChange" type="java.lang.String"><![CDATA[U]]></Field>
	<Field name="IndJrnMethod" type="java.lang.String"><![CDATA[S]]></Field>
	<Field name="IndSuppSetBased" type="java.lang.String">null</Field>
	<Field name="IntVersion" type="com.sunopsis.sql.DbInt"><![CDATA[3]]></Field>
	<Field name="IFolder" type="com.sunopsis.sql.DbInt"><![CDATA[null]]></Field>
	<Field name="IProject" type="com.sunopsis.sql.DbInt"><![CDATA[1072]]></Field>
	<Field name="IScBaseTrt" type="com.sunopsis.sql.DbInt"><![CDATA[null]]></Field>
	<Field name="IScOrigTrt" type="com.sunopsis.sql.DbInt"><![CDATA[null]]></Field>
	<Field name="IScTrt" type="com.sunopsis.sql.DbInt"><![CDATA[null]]></Field>
	<Field name="IState" type="com.sunopsis.sql.DbInt"><![CDATA[17003]]></Field>
	<Field name="ITrt" type="com.sunopsis.sql.DbInt"><![CDATA[838072]]></Field>
	<Field name="ITxtTrtTxt" type="com.sunopsis.sql.DbInt"><![CDATA[26299072]]></Field>
	<Field name="KimMultiDserver" type="java.lang.String"><![CDATA[0]]></Field>
	<Field name="KmDefault" type="java.lang.String"><![CDATA[0]]></Field>
	<Field name="KmSrcTechno" type="java.lang.String">null</Field>
	<Field name="KmTechno" type="java.lang.String">null</Field>
	<Field name="KmVersion" type="java.lang.String">null</Field>
	<Field name="LastDate" type="java.sql.Timestamp"><![CDATA[2012-09-23 18:32:20.0]]></Field>
	<Field name="LastUser" type="java.lang.String"><![CDATA[SUPERVISOR]]></Field>
	<Field name="LChecksum" type="com.sunopsis.sql.DbInt"><![CDATA[3328]]></Field>
	<Field name="LCode" type="java.lang.String">null</Field>
	<Field name="OrdFolder" type="com.sunopsis.sql.DbInt"><![CDATA[null]]></Field>
	<Field name="TrtName" type="java.lang.String"><![CDATA[IKM SQL Control Append With Combined Substitution APIs]]></Field>
	<Field name="TrtType" type="java.lang.String"><![CDATA[KI]]></Field>
	<Field name="VLastDate" type="java.sql.Timestamp">null</Field>
</Object>
<Object class="com.sunopsis.dwg.dbobj.SnpTxtHeader">
		<Field name="Enc" type="java.lang.String">null</Field>
	<Field name="EncKey" type="java.lang.String">null</Field>
	<Field name="ITxt" type="com.sunopsis.sql.DbInt"><![CDATA[26299072]]></Field>
	<Field name="ITxtOrig" type="com.sunopsis.sql.DbInt"><![CDATA[107]]></Field>
	<Field name="SqlIndGrp" type="java.lang.String"><![CDATA[0]]></Field>
 <Field name="Txt" type="java.lang.String"><![CDATA[Author: Sunopsis
Version: 4.0
Last Update: DEC-2004

Description :
- Integration Knowledge Module
- Integrates data in any ISO-92 compliant database target table in truncate / insert (append) mode.
- Data can be controlled. Invalid data is isolated in the Error Table and can be recycled.

Restrictions:
- When working with journalized data, if the "Synchronize deletions from journal" is executed, the deleted rows on the target are committed regardless of the COMMIT option
- The TRUNCATE option is not implemented on all RDBMs
- The TRUNCATE option cannot work if the target table is referenced by another table (foreign key)
- When using the RECYCLE_ERRORS option, you have to set an Update Key for your interface.
- When using this module with a journalized source table, data are automatically filtered to not include source deletions.
- The FLOW_CONTROL and STATIC_CONTROL options call the Check Knowledge Module to isolate invalid data (if no CKM is set, an error occurs). Both options must be set to NO in the case when an Integration Interface populates a TEMPORARY target datastore.]]></Field>
</Object>
<Object class="com.sunopsis.dwg.dbobj.SnpOrigTxt">
		<Field name="ITxtOrig" type="com.sunopsis.sql.DbInt"><![CDATA[107]]></Field>
	<Field name="OrigineName" type="java.lang.String"><![CDATA[Edit Command]]></Field>
	<Field name="SnpsCol" type="java.lang.String"><![CDATA[I_TXT_TRT_TXT]]></Field>
	<Field name="SnpsTable" type="java.lang.String"><![CDATA[SNP_TRT]]></Field>
</Object>
<Object class="com.sunopsis.dwg.dbobj.SnpUserExit">
		<Field name="ExtVersion" type="java.lang.String">null</Field>
	<Field name="IndChange" type="java.lang.String"><![CDATA[I]]></Field>
	<Field name="ITrt" type="com.sunopsis.sql.DbInt"><![CDATA[838072]]></Field>
	<Field name="ITxtUeHelp" type="com.sunopsis.sql.DbInt"><![CDATA[26300072]]></Field>
	<Field name="ITxtValue" type="com.sunopsis.sql.DbInt"><![CDATA[null]]></Field>
	<Field name="IUserExit" type="com.sunopsis.sql.DbInt"><![CDATA[5429072]]></Field>
	<Field name="Position" type="com.sunopsis.sql.DbInt"><![CDATA[10]]></Field>
	<Field name="ShortValue" type="java.lang.String"><![CDATA[1]]></Field>
	<Field name="UeName" type="java.lang.String"><![CDATA[INSERT]]></Field>
	<Field name="UeSdesc" type="java.lang.String"><![CDATA[Insert new rows. ]]></Field>
	<Field name="UeType" type="java.lang.String"><![CDATA[C]]></Field>
</Object>
<Object class="com.sunopsis.dwg.dbobj.SnpTxtHeader">
		<Field name="Enc" type="java.lang.String">null</Field>
	<Field name="EncKey" type="java.lang.String">null</Field>
	<Field name="ITxt" type="com.sunopsis.sql.DbInt"><![CDATA[26300072]]></Field>
	<Field name="ITxtOrig" type="com.sunopsis.sql.DbInt"><![CDATA[111]]></Field>
	<Field name="SqlIndGrp" type="java.lang.String"><![CDATA[0]]></Field>
 <Field name="Txt" type="java.lang.String"><![CDATA[Automatically attempts to insert data into the Target Datastore of the Interface ]]></Field>
</Object>
<Object class="com.sunopsis.dwg.dbobj.SnpOrigTxt">
		<Field name="ITxtOrig" type="com.sunopsis.sql.DbInt"><![CDATA[111]]></Field>
	<Field name="OrigineName" type="java.lang.String"><![CDATA[User Exit help]]></Field>
	<Field name="SnpsCol" type="java.lang.String"><![CDATA[I_TXT_UE_HELP]]></Field>
	<Field name="SnpsTable" type="java.lang.String"><![CDATA[SNP_USER_EXIT]]></Field>
</Object>
<Object class="com.sunopsis.dwg.dbobj.SnpUserExit">
		<Field name="ExtVersion" type="java.lang.String">null</Field>
	<Field name="IndChange" type="java.lang.String"><![CDATA[I]]></Field>
	<Field name="ITrt" type="com.sunopsis.sql.DbInt"><![CDATA[838072]]></Field>
	<Field name="ITxtUeHelp" type="com.sunopsis.sql.DbInt"><![CDATA[26301072]]></Field>
	<Field name="ITxtValue" type="com.sunopsis.sql.DbInt"><![CDATA[null]]></Field>
	<Field name="IUserExit" type="com.sunopsis.sql.DbInt"><![CDATA[5430072]]></Field>
	<Field name="Position" type="com.sunopsis.sql.DbInt"><![CDATA[60]]></Field>
	<Field name="ShortValue" type="java.lang.String"><![CDATA[1]]></Field>
	<Field name="UeName" type="java.lang.String"><![CDATA[COMMIT]]></Field>
	<Field name="UeSdesc" type="java.lang.String"><![CDATA[Post Integration Commit]]></Field>
	<Field name="UeType" type="java.lang.String"><![CDATA[C]]></Field>
</Object>
<Object class="com.sunopsis.dwg.dbobj.SnpTxtHeader">
		<Field name="Enc" type="java.lang.String">null</Field>
	<Field name="EncKey" type="java.lang.String">null</Field>
	<Field name="ITxt" type="com.sunopsis.sql.DbInt"><![CDATA[26301072]]></Field>
	<Field name="ITxtOrig" type="com.sunopsis.sql.DbInt"><![CDATA[111]]></Field>
	<Field name="SqlIndGrp" type="java.lang.String"><![CDATA[0]]></Field>
 <Field name="Txt" type="java.lang.String"><![CDATA[Commit all data inserted in the target datastore. ]]></Field>
</Object>
<Object class="com.sunopsis.dwg.dbobj.SnpUserExit">
		<Field name="ExtVersion" type="java.lang.String">null</Field>
	<Field name="IndChange" type="java.lang.String"><![CDATA[I]]></Field>
	<Field name="ITrt" type="com.sunopsis.sql.DbInt"><![CDATA[838072]]></Field>
	<Field name="ITxtUeHelp" type="com.sunopsis.sql.DbInt"><![CDATA[26302072]]></Field>
	<Field name="ITxtValue" type="com.sunopsis.sql.DbInt"><![CDATA[null]]></Field>
	<Field name="IUserExit" type="com.sunopsis.sql.DbInt"><![CDATA[5431072]]></Field>
	<Field name="Position" type="com.sunopsis.sql.DbInt"><![CDATA[120]]></Field>
	<Field name="ShortValue" type="java.lang.String"><![CDATA[1]]></Field>
	<Field name="UeName" type="java.lang.String"><![CDATA[FLOW_CONTROL]]></Field>
	<Field name="UeSdesc" type="java.lang.String"><![CDATA[Activate Flow control]]></Field>
	<Field name="UeType" type="java.lang.String"><![CDATA[C]]></Field>
</Object>
<Object class="com.sunopsis.dwg.dbobj.SnpTxtHeader">
		<Field name="Enc" type="java.lang.String">null</Field>
	<Field name="EncKey" type="java.lang.String">null</Field>
	<Field name="ITxt" type="com.sunopsis.sql.DbInt"><![CDATA[26302072]]></Field>
	<Field name="ITxtOrig" type="com.sunopsis.sql.DbInt"><![CDATA[111]]></Field>
	<Field name="SqlIndGrp" type="java.lang.String"><![CDATA[0]]></Field>
 <Field name="Txt" type="java.lang.String"><![CDATA[Check this option if you wish to perform flow control.]]></Field>
</Object>
<Object class="com.sunopsis.dwg.dbobj.SnpUserExit">
		<Field name="ExtVersion" type="java.lang.String">null</Field>
	<Field name="IndChange" type="java.lang.String"><![CDATA[I]]></Field>
	<Field name="ITrt" type="com.sunopsis.sql.DbInt"><![CDATA[838072]]></Field>
	<Field name="ITxtUeHelp" type="com.sunopsis.sql.DbInt"><![CDATA[26303072]]></Field>
	<Field name="ITxtValue" type="com.sunopsis.sql.DbInt"><![CDATA[null]]></Field>
	<Field name="IUserExit" type="com.sunopsis.sql.DbInt"><![CDATA[5432072]]></Field>
	<Field name="Position" type="com.sunopsis.sql.DbInt"><![CDATA[130]]></Field>
	<Field name="ShortValue" type="java.lang.String"><![CDATA[0]]></Field>
	<Field name="UeName" type="java.lang.String"><![CDATA[RECYCLE_ERRORS]]></Field>
	<Field name="UeSdesc" type="java.lang.String"><![CDATA[Recycle previous errors ]]></Field>
	<Field name="UeType" type="java.lang.String"><![CDATA[C]]></Field>
</Object>
<Object class="com.sunopsis.dwg.dbobj.SnpTxtHeader">
		<Field name="Enc" type="java.lang.String">null</Field>
	<Field name="EncKey" type="java.lang.String">null</Field>
	<Field name="ITxt" type="com.sunopsis.sql.DbInt"><![CDATA[26303072]]></Field>
	<Field name="ITxtOrig" type="com.sunopsis.sql.DbInt"><![CDATA[111]]></Field>
	<Field name="SqlIndGrp" type="java.lang.String"><![CDATA[0]]></Field>
 <Field name="Txt" type="java.lang.String"><![CDATA[Check this option to recycle data rejected from a previous control. ]]></Field>
</Object>
<Object class="com.sunopsis.dwg.dbobj.SnpUserExit">
		<Field name="ExtVersion" type="java.lang.String">null</Field>
	<Field name="IndChange" type="java.lang.String"><![CDATA[I]]></Field>
	<Field name="ITrt" type="com.sunopsis.sql.DbInt"><![CDATA[838072]]></Field>
	<Field name="ITxtUeHelp" type="com.sunopsis.sql.DbInt"><![CDATA[26304072]]></Field>
	<Field name="ITxtValue" type="com.sunopsis.sql.DbInt"><![CDATA[null]]></Field>
	<Field name="IUserExit" type="com.sunopsis.sql.DbInt"><![CDATA[5433072]]></Field>
	<Field name="Position" type="com.sunopsis.sql.DbInt"><![CDATA[140]]></Field>
	<Field name="ShortValue" type="java.lang.String"><![CDATA[0]]></Field>
	<Field name="UeName" type="java.lang.String"><![CDATA[STATIC_CONTROL]]></Field>
	<Field name="UeSdesc" type="java.lang.String"><![CDATA[Post Integration Control]]></Field>
	<Field name="UeType" type="java.lang.String"><![CDATA[C]]></Field>
</Object>
<Object class="com.sunopsis.dwg.dbobj.SnpTxtHeader">
		<Field name="Enc" type="java.lang.String">null</Field>
	<Field name="EncKey" type="java.lang.String">null</Field>
	<Field name="ITxt" type="com.sunopsis.sql.DbInt"><![CDATA[26304072]]></Field>
	<Field name="ITxtOrig" type="com.sunopsis.sql.DbInt"><![CDATA[111]]></Field>
	<Field name="SqlIndGrp" type="java.lang.String"><![CDATA[0]]></Field>
 <Field name="Txt" type="java.lang.String"><![CDATA[Check this option to control the target table after having inserted or updated target data. ]]></Field>
</Object>
<Object class="com.sunopsis.dwg.dbobj.SnpUserExit">
		<Field name="ExtVersion" type="java.lang.String">null</Field>
	<Field name="IndChange" type="java.lang.String"><![CDATA[I]]></Field>
	<Field name="ITrt" type="com.sunopsis.sql.DbInt"><![CDATA[838072]]></Field>
	<Field name="ITxtUeHelp" type="com.sunopsis.sql.DbInt"><![CDATA[26305072]]></Field>
	<Field name="ITxtValue" type="com.sunopsis.sql.DbInt"><![CDATA[null]]></Field>
	<Field name="IUserExit" type="com.sunopsis.sql.DbInt"><![CDATA[5434072]]></Field>
	<Field name="Position" type="com.sunopsis.sql.DbInt"><![CDATA[150]]></Field>
	<Field name="ShortValue" type="java.lang.String"><![CDATA[0]]></Field>
	<Field name="UeName" type="java.lang.String"><![CDATA[TRUNCATE]]></Field>
	<Field name="UeSdesc" type="java.lang.String"><![CDATA[Truncate the target datastore.]]></Field>
	<Field name="UeType" type="java.lang.String"><![CDATA[C]]></Field>
</Object>
<Object class="com.sunopsis.dwg.dbobj.SnpTxtHeader">
		<Field name="Enc" type="java.lang.String">null</Field>
	<Field name="EncKey" type="java.lang.String">null</Field>
	<Field name="ITxt" type="com.sunopsis.sql.DbInt"><![CDATA[26305072]]></Field>
	<Field name="ITxtOrig" type="com.sunopsis.sql.DbInt"><![CDATA[111]]></Field>
	<Field name="SqlIndGrp" type="java.lang.String"><![CDATA[0]]></Field>
 <Field name="Txt" type="java.lang.String"><![CDATA[Check this option if you wish to truncate the target datastore. ]]></Field>
</Object>
<Object class="com.sunopsis.dwg.dbobj.SnpUserExit">
		<Field name="ExtVersion" type="java.lang.String">null</Field>
	<Field name="IndChange" type="java.lang.String"><![CDATA[I]]></Field>
	<Field name="ITrt" type="com.sunopsis.sql.DbInt"><![CDATA[838072]]></Field>
	<Field name="ITxtUeHelp" type="com.sunopsis.sql.DbInt"><![CDATA[26306072]]></Field>
	<Field name="ITxtValue" type="com.sunopsis.sql.DbInt"><![CDATA[null]]></Field>
	<Field name="IUserExit" type="com.sunopsis.sql.DbInt"><![CDATA[5435072]]></Field>
	<Field name="Position" type="com.sunopsis.sql.DbInt"><![CDATA[160]]></Field>
	<Field name="ShortValue" type="java.lang.String"><![CDATA[0]]></Field>
	<Field name="UeName" type="java.lang.String"><![CDATA[DELETE_ALL]]></Field>
	<Field name="UeSdesc" type="java.lang.String"><![CDATA[Delete all rows.]]></Field>
	<Field name="UeType" type="java.lang.String"><![CDATA[C]]></Field>
</Object>
<Object class="com.sunopsis.dwg.dbobj.SnpTxtHeader">
		<Field name="Enc" type="java.lang.String">null</Field>
	<Field name="EncKey" type="java.lang.String">null</Field>
	<Field name="ITxt" type="com.sunopsis.sql.DbInt"><![CDATA[26306072]]></Field>
	<Field name="ITxtOrig" type="com.sunopsis.sql.DbInt"><![CDATA[111]]></Field>
	<Field name="SqlIndGrp" type="java.lang.String"><![CDATA[0]]></Field>
 <Field name="Txt" type="java.lang.String"><![CDATA[Check this option if you wish to delete all the rows of the target datastore. ]]></Field>
</Object>
<Object class="com.sunopsis.dwg.dbobj.SnpUserExit">
		<Field name="ExtVersion" type="java.lang.String">null</Field>
	<Field name="IndChange" type="java.lang.String"><![CDATA[I]]></Field>
	<Field name="ITrt" type="com.sunopsis.sql.DbInt"><![CDATA[838072]]></Field>
	<Field name="ITxtUeHelp" type="com.sunopsis.sql.DbInt"><![CDATA[26307072]]></Field>
	<Field name="ITxtValue" type="com.sunopsis.sql.DbInt"><![CDATA[null]]></Field>
	<Field name="IUserExit" type="com.sunopsis.sql.DbInt"><![CDATA[5436072]]></Field>
	<Field name="Position" type="com.sunopsis.sql.DbInt"><![CDATA[170]]></Field>
	<Field name="ShortValue" type="java.lang.String"><![CDATA[0]]></Field>
	<Field name="UeName" type="java.lang.String"><![CDATA[CREATE_TARG_TABLE]]></Field>
	<Field name="UeSdesc" type="java.lang.String"><![CDATA[Create the target table.]]></Field>
	<Field name="UeType" type="java.lang.String"><![CDATA[C]]></Field>
</Object>
<Object class="com.sunopsis.dwg.dbobj.SnpTxtHeader">
		<Field name="Enc" type="java.lang.String">null</Field>
	<Field name="EncKey" type="java.lang.String">null</Field>
	<Field name="ITxt" type="com.sunopsis.sql.DbInt"><![CDATA[26307072]]></Field>
	<Field name="ITxtOrig" type="com.sunopsis.sql.DbInt"><![CDATA[111]]></Field>
	<Field name="SqlIndGrp" type="java.lang.String"><![CDATA[0]]></Field>
 <Field name="Txt" type="java.lang.String"><![CDATA[Check this option if you wish to create the target table ]]></Field>
</Object>
<Object class="com.sunopsis.dwg.dbobj.SnpUserExit">
		<Field name="ExtVersion" type="java.lang.String">null</Field>
	<Field name="IndChange" type="java.lang.String"><![CDATA[I]]></Field>
	<Field name="ITrt" type="com.sunopsis.sql.DbInt"><![CDATA[838072]]></Field>
	<Field name="ITxtUeHelp" type="com.sunopsis.sql.DbInt"><![CDATA[26308072]]></Field>
	<Field name="ITxtValue" type="com.sunopsis.sql.DbInt"><![CDATA[null]]></Field>
	<Field name="IUserExit" type="com.sunopsis.sql.DbInt"><![CDATA[5437072]]></Field>
	<Field name="Position" type="com.sunopsis.sql.DbInt"><![CDATA[290]]></Field>
	<Field name="ShortValue" type="java.lang.String"><![CDATA[1]]></Field>
	<Field name="UeName" type="java.lang.String"><![CDATA[DELETE_TEMPORARY_OBJECTS]]></Field>
	<Field name="UeSdesc" type="java.lang.String"><![CDATA[Delete temp objects post int]]></Field>
	<Field name="UeType" type="java.lang.String"><![CDATA[C]]></Field>
</Object>
<Object class="com.sunopsis.dwg.dbobj.SnpTxtHeader">
		<Field name="Enc" type="java.lang.String">null</Field>
	<Field name="EncKey" type="java.lang.String">null</Field>
	<Field name="ITxt" type="com.sunopsis.sql.DbInt"><![CDATA[26308072]]></Field>
	<Field name="ITxtOrig" type="com.sunopsis.sql.DbInt"><![CDATA[111]]></Field>
	<Field name="SqlIndGrp" type="java.lang.String"><![CDATA[0]]></Field>
 <Field name="Txt" type="java.lang.String"><![CDATA[Set this option to NO if you wish to retain temporary objects (tables, files and scripts) after integration.
Useful for debugging.]]></Field>
</Object>
<Object class="com.sunopsis.dwg.dbobj.SnpLineTrt">
		<Field name="AlwaysExe" type="java.lang.String"><![CDATA[0]]></Field>
	<Field name="ColConnectId" type="java.lang.String">null</Field>
	<Field name="ColContextCode" type="java.lang.String">null</Field>
	<Field name="ColIndCommit" type="java.lang.String">null</Field>
	<Field name="ColIsolLevel" type="java.lang.String">null</Field>
	<Field name="ColITxt" type="com.sunopsis.sql.DbInt"><![CDATA[null]]></Field>
	<Field name="ColLschemaName" type="java.lang.String">null</Field>
	<Field name="ColPlanComp" type="java.lang.String"><![CDATA[0]]></Field>
	<Field name="ColTechno" type="java.lang.String">null</Field>
	<Field name="DefConnectId" type="java.lang.String">null</Field>
	<Field name="DefContextCode" type="java.lang.String">null</Field>
	<Field name="DefIndCommit" type="java.lang.String">null</Field>
	<Field name="DefIsolLevel" type="java.lang.String">null</Field>
	<Field name="DefITxt" type="com.sunopsis.sql.DbInt"><![CDATA[26309072]]></Field>
	<Field name="DefLschemaName" type="java.lang.String">null</Field>
	<Field name="DefPlanComp" type="java.lang.String"><![CDATA[0]]></Field>
	<Field name="DefTechno" type="java.lang.String">null</Field>
	<Field name="FirstDate" type="java.sql.Timestamp"><![CDATA[2012-09-23 18:18:08.0]]></Field>
	<Field name="FirstUser" type="java.lang.String"><![CDATA[SUPERVISOR]]></Field>
	<Field name="IndErr" type="java.lang.String"><![CDATA[0]]></Field>
	<Field name="IndLogFinalCmd" type="java.lang.String">null</Field>
	<Field name="IndLogMethod" type="java.lang.String">null</Field>
	<Field name="IndLogNb" type="java.lang.String">null</Field>
	<Field name="ITrt" type="com.sunopsis.sql.DbInt"><![CDATA[838072]]></Field>
	<Field name="KcmAk" type="java.lang.String"><![CDATA[0]]></Field>
	<Field name="KcmCond" type="java.lang.String"><![CDATA[0]]></Field>
	<Field name="KcmErrDel" type="java.lang.String"><![CDATA[0]]></Field>
	<Field name="KcmJoin" type="java.lang.String"><![CDATA[0]]></Field>
	<Field name="KcmNull" type="java.lang.String"><![CDATA[0]]></Field>
	<Field name="KcmPk" type="java.lang.String"><![CDATA[0]]></Field>
	<Field name="KimDrvdSel" type="java.lang.String">null</Field>
	<Field name="KimIdx" type="java.lang.String">null</Field>
	<Field name="KimJrn" type="java.lang.String"><![CDATA[0]]></Field>
	<Field name="KimJrnPop" type="java.lang.String"><![CDATA[0]]></Field>
	<Field name="KjmCreate" type="java.lang.String"><![CDATA[0]]></Field>
	<Field name="KjmDrop" type="java.lang.String"><![CDATA[0]]></Field>
	<Field name="KjmExtend" type="java.lang.String"><![CDATA[0]]></Field>
	<Field name="KjmLock" type="java.lang.String"><![CDATA[0]]></Field>
	<Field name="KjmPurge" type="java.lang.String"><![CDATA[0]]></Field>
	<Field name="KjmSetInstall" type="java.lang.String"><![CDATA[0]]></Field>
	<Field name="KjmSetUninstall" type="java.lang.String"><![CDATA[0]]></Field>
	<Field name="KjmSubscribe" type="java.lang.String"><![CDATA[0]]></Field>
	<Field name="KjmTableOrder" type="java.lang.String"><![CDATA[0]]></Field>
	<Field name="KjmUnlock" type="java.lang.String"><![CDATA[0]]></Field>
	<Field name="KjmUnsubscribe" type="java.lang.String"><![CDATA[0]]></Field>
	<Field name="KlmAfterInt" type="java.lang.String"><![CDATA[0]]></Field>
	<Field name="KlmIdx" type="java.lang.String">null</Field>
	<Field name="KlmJrn" type="java.lang.String"><![CDATA[0]]></Field>
	<Field name="KxmUsed" type="java.lang.String">null</Field>
	<Field name="LastDate" type="java.sql.Timestamp"><![CDATA[2012-09-23 18:18:08.0]]></Field>
	<Field name="LastUser" type="java.lang.String"><![CDATA[SUPERVISOR]]></Field>
	<Field name="LogLevDet" type="java.lang.String"><![CDATA[4]]></Field>
	<Field name="OrdTrt" type="com.sunopsis.sql.DbInt"><![CDATA[162]]></Field>
	<Field name="SqlName" type="java.lang.String"><![CDATA[Post-integration control]]></Field>
</Object>
<Object class="com.sunopsis.dwg.dbobj.SnpTxtHeader">
		<Field name="Enc" type="java.lang.String">null</Field>
	<Field name="EncKey" type="java.lang.String">null</Field>
	<Field name="ITxt" type="com.sunopsis.sql.DbInt"><![CDATA[26309072]]></Field>
	<Field name="ITxtOrig" type="com.sunopsis.sql.DbInt"><![CDATA[102]]></Field>
	<Field name="SqlIndGrp" type="java.lang.String"><![CDATA[0]]></Field>
 <Field name="Txt" type="java.lang.String"><![CDATA[<%@ INCLUDE CKM_STATIC%>]]></Field>
</Object>
<Object class="com.sunopsis.dwg.dbobj.SnpOrigTxt">
		<Field name="ITxtOrig" type="com.sunopsis.sql.DbInt"><![CDATA[102]]></Field>
	<Field name="OrigineName" type="java.lang.String"><![CDATA[Target Technology]]></Field>
	<Field name="SnpsCol" type="java.lang.String"><![CDATA[DEF_I_TXT]]></Field>
	<Field name="SnpsTable" type="java.lang.String"><![CDATA[SNP_LINE_TRT]]></Field>
</Object>
<Object class="com.sunopsis.dwg.dbobj.SnpLineTrt">
		<Field name="AlwaysExe" type="java.lang.String"><![CDATA[0]]></Field>
	<Field name="ColConnectId" type="java.lang.String">null</Field>
	<Field name="ColContextCode" type="java.lang.String">null</Field>
	<Field name="ColIndCommit" type="java.lang.String">null</Field>
	<Field name="ColIsolLevel" type="java.lang.String">null</Field>
	<Field name="ColITxt" type="com.sunopsis.sql.DbInt"><![CDATA[null]]></Field>
	<Field name="ColLschemaName" type="java.lang.String">null</Field>
	<Field name="ColPlanComp" type="java.lang.String"><![CDATA[0]]></Field>
	<Field name="ColTechno" type="java.lang.String">null</Field>
	<Field name="DefConnectId" type="java.lang.String"><![CDATA[1]]></Field>
	<Field name="DefContextCode" type="java.lang.String">null</Field>
	<Field name="DefIndCommit" type="java.lang.String"><![CDATA[1]]></Field>
	<Field name="DefIsolLevel" type="java.lang.String">null</Field>
	<Field name="DefITxt" type="com.sunopsis.sql.DbInt"><![CDATA[26310072]]></Field>
	<Field name="DefLschemaName" type="java.lang.String">null</Field>
	<Field name="DefPlanComp" type="java.lang.String"><![CDATA[0]]></Field>
	<Field name="DefTechno" type="java.lang.String">null</Field>
	<Field name="FirstDate" type="java.sql.Timestamp"><![CDATA[2012-09-23 18:18:08.0]]></Field>
	<Field name="FirstUser" type="java.lang.String"><![CDATA[SUPERVISOR]]></Field>
	<Field name="IndErr" type="java.lang.String"><![CDATA[0]]></Field>
	<Field name="IndLogFinalCmd" type="java.lang.String">null</Field>
	<Field name="IndLogMethod" type="java.lang.String">null</Field>
	<Field name="IndLogNb" type="java.lang.String">null</Field>
	<Field name="ITrt" type="com.sunopsis.sql.DbInt"><![CDATA[838072]]></Field>
	<Field name="KcmAk" type="java.lang.String"><![CDATA[0]]></Field>
	<Field name="KcmCond" type="java.lang.String"><![CDATA[0]]></Field>
	<Field name="KcmErrDel" type="java.lang.String"><![CDATA[0]]></Field>
	<Field name="KcmJoin" type="java.lang.String"><![CDATA[0]]></Field>
	<Field name="KcmNull" type="java.lang.String"><![CDATA[0]]></Field>
	<Field name="KcmPk" type="java.lang.String"><![CDATA[0]]></Field>
	<Field name="KimDrvdSel" type="java.lang.String">null</Field>
	<Field name="KimIdx" type="java.lang.String">null</Field>
	<Field name="KimJrn" type="java.lang.String"><![CDATA[0]]></Field>
	<Field name="KimJrnPop" type="java.lang.String"><![CDATA[0]]></Field>
	<Field name="KjmCreate" type="java.lang.String"><![CDATA[0]]></Field>
	<Field name="KjmDrop" type="java.lang.String"><![CDATA[0]]></Field>
	<Field name="KjmExtend" type="java.lang.String"><![CDATA[0]]></Field>
	<Field name="KjmLock" type="java.lang.String"><![CDATA[0]]></Field>
	<Field name="KjmPurge" type="java.lang.String"><![CDATA[0]]></Field>
	<Field name="KjmSetInstall" type="java.lang.String"><![CDATA[0]]></Field>
	<Field name="KjmSetUninstall" type="java.lang.String"><![CDATA[0]]></Field>
	<Field name="KjmSubscribe" type="java.lang.String"><![CDATA[0]]></Field>
	<Field name="KjmTableOrder" type="java.lang.String"><![CDATA[0]]></Field>
	<Field name="KjmUnlock" type="java.lang.String"><![CDATA[0]]></Field>
	<Field name="KjmUnsubscribe" type="java.lang.String"><![CDATA[0]]></Field>
	<Field name="KlmAfterInt" type="java.lang.String"><![CDATA[0]]></Field>
	<Field name="KlmIdx" type="java.lang.String">null</Field>
	<Field name="KlmJrn" type="java.lang.String"><![CDATA[0]]></Field>
	<Field name="KxmUsed" type="java.lang.String">null</Field>
	<Field name="LastDate" type="java.sql.Timestamp"><![CDATA[2012-09-23 18:18:08.0]]></Field>
	<Field name="LastUser" type="java.lang.String"><![CDATA[SUPERVISOR]]></Field>
	<Field name="LogLevDet" type="java.lang.String"><![CDATA[3]]></Field>
	<Field name="OrdTrt" type="com.sunopsis.sql.DbInt"><![CDATA[142]]></Field>
	<Field name="SqlName" type="java.lang.String"><![CDATA[Commit transaction]]></Field>
</Object>
<Object class="com.sunopsis.dwg.dbobj.SnpTxtHeader">
		<Field name="Enc" type="java.lang.String">null</Field>
	<Field name="EncKey" type="java.lang.String">null</Field>
	<Field name="ITxt" type="com.sunopsis.sql.DbInt"><![CDATA[26310072]]></Field>
	<Field name="ITxtOrig" type="com.sunopsis.sql.DbInt"><![CDATA[102]]></Field>
	<Field name="SqlIndGrp" type="java.lang.String"><![CDATA[0]]></Field>
 <Field name="Txt" type="java.lang.String"><![CDATA[/* commit */]]></Field>
</Object>
<Object class="com.sunopsis.dwg.dbobj.SnpLineTrt">
		<Field name="AlwaysExe" type="java.lang.String"><![CDATA[0]]></Field>
	<Field name="ColConnectId" type="java.lang.String">null</Field>
	<Field name="ColContextCode" type="java.lang.String">null</Field>
	<Field name="ColIndCommit" type="java.lang.String">null</Field>
	<Field name="ColIsolLevel" type="java.lang.String">null</Field>
	<Field name="ColITxt" type="com.sunopsis.sql.DbInt"><![CDATA[null]]></Field>
	<Field name="ColLschemaName" type="java.lang.String">null</Field>
	<Field name="ColPlanComp" type="java.lang.String"><![CDATA[0]]></Field>
	<Field name="ColTechno" type="java.lang.String">null</Field>
	<Field name="DefConnectId" type="java.lang.String"><![CDATA[1]]></Field>
	<Field name="DefContextCode" type="java.lang.String">null</Field>
	<Field name="DefIndCommit" type="java.lang.String"><![CDATA[0]]></Field>
	<Field name="DefIsolLevel" type="java.lang.String">null</Field>
	<Field name="DefITxt" type="com.sunopsis.sql.DbInt"><![CDATA[26311072]]></Field>
	<Field name="DefLschemaName" type="java.lang.String">null</Field>
	<Field name="DefPlanComp" type="java.lang.String"><![CDATA[0]]></Field>
	<Field name="DefTechno" type="java.lang.String">null</Field>
	<Field name="FirstDate" type="java.sql.Timestamp"><![CDATA[2012-09-23 18:18:08.0]]></Field>
	<Field name="FirstUser" type="java.lang.String"><![CDATA[SUPERVISOR]]></Field>
	<Field name="IndErr" type="java.lang.String"><![CDATA[0]]></Field>
	<Field name="IndLogFinalCmd" type="java.lang.String"><![CDATA[0]]></Field>
	<Field name="IndLogMethod" type="java.lang.String">null</Field>
	<Field name="IndLogNb" type="java.lang.String"><![CDATA[I]]></Field>
	<Field name="ITrt" type="com.sunopsis.sql.DbInt"><![CDATA[838072]]></Field>
	<Field name="KcmAk" type="java.lang.String"><![CDATA[0]]></Field>
	<Field name="KcmCond" type="java.lang.String"><![CDATA[0]]></Field>
	<Field name="KcmErrDel" type="java.lang.String"><![CDATA[0]]></Field>
	<Field name="KcmJoin" type="java.lang.String"><![CDATA[0]]></Field>
	<Field name="KcmNull" type="java.lang.String"><![CDATA[0]]></Field>
	<Field name="KcmPk" type="java.lang.String"><![CDATA[0]]></Field>
	<Field name="KimDrvdSel" type="java.lang.String"><![CDATA[0]]></Field>
	<Field name="KimIdx" type="java.lang.String"><![CDATA[0]]></Field>
	<Field name="KimJrn" type="java.lang.String"><![CDATA[0]]></Field>
	<Field name="KimJrnPop" type="java.lang.String"><![CDATA[0]]></Field>
	<Field name="KjmCreate" type="java.lang.String"><![CDATA[0]]></Field>
	<Field name="KjmDrop" type="java.lang.String"><![CDATA[0]]></Field>
	<Field name="KjmExtend" type="java.lang.String"><![CDATA[0]]></Field>
	<Field name="KjmLock" type="java.lang.String"><![CDATA[0]]></Field>
	<Field name="KjmPurge" type="java.lang.String"><![CDATA[0]]></Field>
	<Field name="KjmSetInstall" type="java.lang.String"><![CDATA[0]]></Field>
	<Field name="KjmSetUninstall" type="java.lang.String"><![CDATA[0]]></Field>
	<Field name="KjmSubscribe" type="java.lang.String"><![CDATA[0]]></Field>
	<Field name="KjmTableOrder" type="java.lang.String"><![CDATA[0]]></Field>
	<Field name="KjmUnlock" type="java.lang.String"><![CDATA[0]]></Field>
	<Field name="KjmUnsubscribe" type="java.lang.String"><![CDATA[0]]></Field>
	<Field name="KlmAfterInt" type="java.lang.String"><![CDATA[0]]></Field>
	<Field name="KlmIdx" type="java.lang.String"><![CDATA[0]]></Field>
	<Field name="KlmJrn" type="java.lang.String"><![CDATA[0]]></Field>
	<Field name="KxmUsed" type="java.lang.String">null</Field>
	<Field name="LastDate" type="java.sql.Timestamp"><![CDATA[2012-09-23 18:32:21.0]]></Field>
	<Field name="LastUser" type="java.lang.String"><![CDATA[SUPERVISOR]]></Field>
	<Field name="LogLevDet" type="java.lang.String"><![CDATA[3]]></Field>
	<Field name="OrdTrt" type="com.sunopsis.sql.DbInt"><![CDATA[132]]></Field>
	<Field name="SqlName" type="java.lang.String"><![CDATA[Insert new rows]]></Field>
</Object>
<Object class="com.sunopsis.dwg.dbobj.SnpTxtHeader">
		<Field name="Enc" type="java.lang.String">null</Field>
	<Field name="EncKey" type="java.lang.String">null</Field>
	<Field name="ITxt" type="com.sunopsis.sql.DbInt"><![CDATA[26311072]]></Field>
	<Field name="ITxtOrig" type="com.sunopsis.sql.DbInt"><![CDATA[102]]></Field>
	<Field name="SqlIndGrp" type="java.lang.String"><![CDATA[2]]></Field>
 <Field name="Txt" type="java.lang.String"><![CDATA[<%if ( snpRef.getUserExit("FLOW_CONTROL").equals("1") ) { %> 
insert into	<%=snpRef.getTable("L","TARG_NAME","A")%> 
( 
	<%=snpRef.getColList("", "[COL_NAME]", ",\n\t", "", "((INS and !TRG) and REW)")%> 
	<%=snpRef.getColList(",", "[COL_NAME]", ",\n\t", "", "((INS and TRG) and REW)")%> 
) 
select	<%=snpRef.getColList("", "[COL_NAME]", ",\n\t", "", "((INS and !TRG) and REW)")%> 
	<%=snpRef.getColList(",", "[EXPRESSION]", ",\n\t", "", "((INS and TRG) and REW)")%> 
from	<%=snpRef.getTable("L","INT_NAME","A")+odiRef.getSession("SESS_NO")%>
<% } else { %> 
insert into	<%=snpRef.getTable("L","TARG_NAME","A")%> 
( 
	<%=snpRef.getColList("", "[COL_NAME]", ",\n\t", "", "(INS and REW)")%> 
) 
select	<%=snpRef.getPop("DISTINCT_ROWS")%> 
	<%=snpRef.getColList("", "[EXPRESSION]", ",\n\t", "", "(INS and REW)")%> 
from	<%=snpRef.getFrom()%> 
where	<% if (snpRef.getPop("HAS_JRN").equals("0")) { %> 
	(1=1) 
	<%} else {%> 
	JRN_FLAG <> 'D' 
	<% } %> 
<%=snpRef.getJoin()%> 
<%=snpRef.getFilter()%> 
<%=snpRef.getJrnFilter()%> 
<%=snpRef.getGrpBy()%> 
<%=snpRef.getHaving()%> 
<% } %>]]></Field>
</Object>
<Object class="com.sunopsis.dwg.dbobj.SnpLineTrt">
		<Field name="AlwaysExe" type="java.lang.String"><![CDATA[0]]></Field>
	<Field name="ColConnectId" type="java.lang.String">null</Field>
	<Field name="ColContextCode" type="java.lang.String">null</Field>
	<Field name="ColIndCommit" type="java.lang.String">null</Field>
	<Field name="ColIsolLevel" type="java.lang.String">null</Field>
	<Field name="ColITxt" type="com.sunopsis.sql.DbInt"><![CDATA[null]]></Field>
	<Field name="ColLschemaName" type="java.lang.String">null</Field>
	<Field name="ColPlanComp" type="java.lang.String"><![CDATA[0]]></Field>
	<Field name="ColTechno" type="java.lang.String">null</Field>
	<Field name="DefConnectId" type="java.lang.String"><![CDATA[1]]></Field>
	<Field name="DefContextCode" type="java.lang.String">null</Field>
	<Field name="DefIndCommit" type="java.lang.String"><![CDATA[0]]></Field>
	<Field name="DefIsolLevel" type="java.lang.String">null</Field>
	<Field name="DefITxt" type="com.sunopsis.sql.DbInt"><![CDATA[26312072]]></Field>
	<Field name="DefLschemaName" type="java.lang.String">null</Field>
	<Field name="DefPlanComp" type="java.lang.String"><![CDATA[0]]></Field>
	<Field name="DefTechno" type="java.lang.String">null</Field>
	<Field name="FirstDate" type="java.sql.Timestamp"><![CDATA[2012-09-23 18:18:08.0]]></Field>
	<Field name="FirstUser" type="java.lang.String"><![CDATA[SUPERVISOR]]></Field>
	<Field name="IndErr" type="java.lang.String"><![CDATA[0]]></Field>
	<Field name="IndLogFinalCmd" type="java.lang.String">null</Field>
	<Field name="IndLogMethod" type="java.lang.String">null</Field>
	<Field name="IndLogNb" type="java.lang.String"><![CDATA[D]]></Field>
	<Field name="ITrt" type="com.sunopsis.sql.DbInt"><![CDATA[838072]]></Field>
	<Field name="KcmAk" type="java.lang.String"><![CDATA[0]]></Field>
	<Field name="KcmCond" type="java.lang.String"><![CDATA[0]]></Field>
	<Field name="KcmErrDel" type="java.lang.String"><![CDATA[0]]></Field>
	<Field name="KcmJoin" type="java.lang.String"><![CDATA[0]]></Field>
	<Field name="KcmNull" type="java.lang.String"><![CDATA[0]]></Field>
	<Field name="KcmPk" type="java.lang.String"><![CDATA[0]]></Field>
	<Field name="KimDrvdSel" type="java.lang.String">null</Field>
	<Field name="KimIdx" type="java.lang.String">null</Field>
	<Field name="KimJrn" type="java.lang.String"><![CDATA[0]]></Field>
	<Field name="KimJrnPop" type="java.lang.String"><![CDATA[0]]></Field>
	<Field name="KjmCreate" type="java.lang.String"><![CDATA[0]]></Field>
	<Field name="KjmDrop" type="java.lang.String"><![CDATA[0]]></Field>
	<Field name="KjmExtend" type="java.lang.String"><![CDATA[0]]></Field>
	<Field name="KjmLock" type="java.lang.String"><![CDATA[0]]></Field>
	<Field name="KjmPurge" type="java.lang.String"><![CDATA[0]]></Field>
	<Field name="KjmSetInstall" type="java.lang.String"><![CDATA[0]]></Field>
	<Field name="KjmSetUninstall" type="java.lang.String"><![CDATA[0]]></Field>
	<Field name="KjmSubscribe" type="java.lang.String"><![CDATA[0]]></Field>
	<Field name="KjmTableOrder" type="java.lang.String"><![CDATA[0]]></Field>
	<Field name="KjmUnlock" type="java.lang.String"><![CDATA[0]]></Field>
	<Field name="KjmUnsubscribe" type="java.lang.String"><![CDATA[0]]></Field>
	<Field name="KlmAfterInt" type="java.lang.String"><![CDATA[0]]></Field>
	<Field name="KlmIdx" type="java.lang.String">null</Field>
	<Field name="KlmJrn" type="java.lang.String"><![CDATA[0]]></Field>
	<Field name="KxmUsed" type="java.lang.String">null</Field>
	<Field name="LastDate" type="java.sql.Timestamp"><![CDATA[2012-09-23 18:18:08.0]]></Field>
	<Field name="LastUser" type="java.lang.String"><![CDATA[SUPERVISOR]]></Field>
	<Field name="LogLevDet" type="java.lang.String"><![CDATA[3]]></Field>
	<Field name="OrdTrt" type="com.sunopsis.sql.DbInt"><![CDATA[122]]></Field>
	<Field name="SqlName" type="java.lang.String"><![CDATA[Delete target table]]></Field>
</Object>
<Object class="com.sunopsis.dwg.dbobj.SnpTxtHeader">
		<Field name="Enc" type="java.lang.String">null</Field>
	<Field name="EncKey" type="java.lang.String">null</Field>
	<Field name="ITxt" type="com.sunopsis.sql.DbInt"><![CDATA[26312072]]></Field>
	<Field name="ITxtOrig" type="com.sunopsis.sql.DbInt"><![CDATA[102]]></Field>
	<Field name="SqlIndGrp" type="java.lang.String"><![CDATA[2]]></Field>
 <Field name="Txt" type="java.lang.String"><![CDATA[delete from <%=snpRef.getTable("L","TARG_NAME","A")%>]]></Field>
</Object>
<Object class="com.sunopsis.dwg.dbobj.SnpLineTrt">
		<Field name="AlwaysExe" type="java.lang.String"><![CDATA[0]]></Field>
	<Field name="ColConnectId" type="java.lang.String">null</Field>
	<Field name="ColContextCode" type="java.lang.String">null</Field>
	<Field name="ColIndCommit" type="java.lang.String">null</Field>
	<Field name="ColIsolLevel" type="java.lang.String">null</Field>
	<Field name="ColITxt" type="com.sunopsis.sql.DbInt"><![CDATA[null]]></Field>
	<Field name="ColLschemaName" type="java.lang.String">null</Field>
	<Field name="ColPlanComp" type="java.lang.String"><![CDATA[0]]></Field>
	<Field name="ColTechno" type="java.lang.String">null</Field>
	<Field name="DefConnectId" type="java.lang.String">null</Field>
	<Field name="DefContextCode" type="java.lang.String">null</Field>
	<Field name="DefIndCommit" type="java.lang.String">null</Field>
	<Field name="DefIsolLevel" type="java.lang.String">null</Field>
	<Field name="DefITxt" type="com.sunopsis.sql.DbInt"><![CDATA[26313072]]></Field>
	<Field name="DefLschemaName" type="java.lang.String">null</Field>
	<Field name="DefPlanComp" type="java.lang.String"><![CDATA[0]]></Field>
	<Field name="DefTechno" type="java.lang.String">null</Field>
	<Field name="FirstDate" type="java.sql.Timestamp"><![CDATA[2012-09-23 18:18:08.0]]></Field>
	<Field name="FirstUser" type="java.lang.String"><![CDATA[SUPERVISOR]]></Field>
	<Field name="IndErr" type="java.lang.String"><![CDATA[0]]></Field>
	<Field name="IndLogFinalCmd" type="java.lang.String">null</Field>
	<Field name="IndLogMethod" type="java.lang.String">null</Field>
	<Field name="IndLogNb" type="java.lang.String">null</Field>
	<Field name="ITrt" type="com.sunopsis.sql.DbInt"><![CDATA[838072]]></Field>
	<Field name="KcmAk" type="java.lang.String"><![CDATA[0]]></Field>
	<Field name="KcmCond" type="java.lang.String"><![CDATA[0]]></Field>
	<Field name="KcmErrDel" type="java.lang.String"><![CDATA[0]]></Field>
	<Field name="KcmJoin" type="java.lang.String"><![CDATA[0]]></Field>
	<Field name="KcmNull" type="java.lang.String"><![CDATA[0]]></Field>
	<Field name="KcmPk" type="java.lang.String"><![CDATA[0]]></Field>
	<Field name="KimDrvdSel" type="java.lang.String">null</Field>
	<Field name="KimIdx" type="java.lang.String">null</Field>
	<Field name="KimJrn" type="java.lang.String"><![CDATA[0]]></Field>
	<Field name="KimJrnPop" type="java.lang.String"><![CDATA[0]]></Field>
	<Field name="KjmCreate" type="java.lang.String"><![CDATA[0]]></Field>
	<Field name="KjmDrop" type="java.lang.String"><![CDATA[0]]></Field>
	<Field name="KjmExtend" type="java.lang.String"><![CDATA[0]]></Field>
	<Field name="KjmLock" type="java.lang.String"><![CDATA[0]]></Field>
	<Field name="KjmPurge" type="java.lang.String"><![CDATA[0]]></Field>
	<Field name="KjmSetInstall" type="java.lang.String"><![CDATA[0]]></Field>
	<Field name="KjmSetUninstall" type="java.lang.String"><![CDATA[0]]></Field>
	<Field name="KjmSubscribe" type="java.lang.String"><![CDATA[0]]></Field>
	<Field name="KjmTableOrder" type="java.lang.String"><![CDATA[0]]></Field>
	<Field name="KjmUnlock" type="java.lang.String"><![CDATA[0]]></Field>
	<Field name="KjmUnsubscribe" type="java.lang.String"><![CDATA[0]]></Field>
	<Field name="KlmAfterInt" type="java.lang.String"><![CDATA[0]]></Field>
	<Field name="KlmIdx" type="java.lang.String">null</Field>
	<Field name="KlmJrn" type="java.lang.String"><![CDATA[0]]></Field>
	<Field name="KxmUsed" type="java.lang.String">null</Field>
	<Field name="LastDate" type="java.sql.Timestamp"><![CDATA[2012-09-23 18:18:08.0]]></Field>
	<Field name="LastUser" type="java.lang.String"><![CDATA[SUPERVISOR]]></Field>
	<Field name="LogLevDet" type="java.lang.String"><![CDATA[3]]></Field>
	<Field name="OrdTrt" type="com.sunopsis.sql.DbInt"><![CDATA[112]]></Field>
	<Field name="SqlName" type="java.lang.String"><![CDATA[Truncate target table]]></Field>
</Object>
<Object class="com.sunopsis.dwg.dbobj.SnpTxtHeader">
		<Field name="Enc" type="java.lang.String">null</Field>
	<Field name="EncKey" type="java.lang.String">null</Field>
	<Field name="ITxt" type="com.sunopsis.sql.DbInt"><![CDATA[26313072]]></Field>
	<Field name="ITxtOrig" type="com.sunopsis.sql.DbInt"><![CDATA[102]]></Field>
	<Field name="SqlIndGrp" type="java.lang.String"><![CDATA[2]]></Field>
 <Field name="Txt" type="java.lang.String"><![CDATA[truncate table <%=snpRef.getTable("L","TARG_NAME","A")%>
]]></Field>
</Object>
<Object class="com.sunopsis.dwg.dbobj.SnpLineTrt">
		<Field name="AlwaysExe" type="java.lang.String"><![CDATA[0]]></Field>
	<Field name="ColConnectId" type="java.lang.String">null</Field>
	<Field name="ColContextCode" type="java.lang.String">null</Field>
	<Field name="ColIndCommit" type="java.lang.String">null</Field>
	<Field name="ColIsolLevel" type="java.lang.String">null</Field>
	<Field name="ColITxt" type="com.sunopsis.sql.DbInt"><![CDATA[null]]></Field>
	<Field name="ColLschemaName" type="java.lang.String">null</Field>
	<Field name="ColPlanComp" type="java.lang.String"><![CDATA[0]]></Field>
	<Field name="ColTechno" type="java.lang.String">null</Field>
	<Field name="DefConnectId" type="java.lang.String">null</Field>
	<Field name="DefContextCode" type="java.lang.String">null</Field>
	<Field name="DefIndCommit" type="java.lang.String">null</Field>
	<Field name="DefIsolLevel" type="java.lang.String">null</Field>
	<Field name="DefITxt" type="com.sunopsis.sql.DbInt"><![CDATA[26314072]]></Field>
	<Field name="DefLschemaName" type="java.lang.String">null</Field>
	<Field name="DefPlanComp" type="java.lang.String"><![CDATA[0]]></Field>
	<Field name="DefTechno" type="java.lang.String">null</Field>
	<Field name="FirstDate" type="java.sql.Timestamp"><![CDATA[2012-09-23 18:18:08.0]]></Field>
	<Field name="FirstUser" type="java.lang.String"><![CDATA[SUPERVISOR]]></Field>
	<Field name="IndErr" type="java.lang.String"><![CDATA[0]]></Field>
	<Field name="IndLogFinalCmd" type="java.lang.String">null</Field>
	<Field name="IndLogMethod" type="java.lang.String">null</Field>
	<Field name="IndLogNb" type="java.lang.String">null</Field>
	<Field name="ITrt" type="com.sunopsis.sql.DbInt"><![CDATA[838072]]></Field>
	<Field name="KcmAk" type="java.lang.String"><![CDATA[0]]></Field>
	<Field name="KcmCond" type="java.lang.String"><![CDATA[0]]></Field>
	<Field name="KcmErrDel" type="java.lang.String"><![CDATA[0]]></Field>
	<Field name="KcmJoin" type="java.lang.String"><![CDATA[0]]></Field>
	<Field name="KcmNull" type="java.lang.String"><![CDATA[0]]></Field>
	<Field name="KcmPk" type="java.lang.String"><![CDATA[0]]></Field>
	<Field name="KimDrvdSel" type="java.lang.String">null</Field>
	<Field name="KimIdx" type="java.lang.String">null</Field>
	<Field name="KimJrn" type="java.lang.String"><![CDATA[0]]></Field>
	<Field name="KimJrnPop" type="java.lang.String"><![CDATA[0]]></Field>
	<Field name="KjmCreate" type="java.lang.String"><![CDATA[0]]></Field>
	<Field name="KjmDrop" type="java.lang.String"><![CDATA[0]]></Field>
	<Field name="KjmExtend" type="java.lang.String"><![CDATA[0]]></Field>
	<Field name="KjmLock" type="java.lang.String"><![CDATA[0]]></Field>
	<Field name="KjmPurge" type="java.lang.String"><![CDATA[0]]></Field>
	<Field name="KjmSetInstall" type="java.lang.String"><![CDATA[0]]></Field>
	<Field name="KjmSetUninstall" type="java.lang.String"><![CDATA[0]]></Field>
	<Field name="KjmSubscribe" type="java.lang.String"><![CDATA[0]]></Field>
	<Field name="KjmTableOrder" type="java.lang.String"><![CDATA[0]]></Field>
	<Field name="KjmUnlock" type="java.lang.String"><![CDATA[0]]></Field>
	<Field name="KjmUnsubscribe" type="java.lang.String"><![CDATA[0]]></Field>
	<Field name="KlmAfterInt" type="java.lang.String"><![CDATA[0]]></Field>
	<Field name="KlmIdx" type="java.lang.String">null</Field>
	<Field name="KlmJrn" type="java.lang.String"><![CDATA[0]]></Field>
	<Field name="KxmUsed" type="java.lang.String">null</Field>
	<Field name="LastDate" type="java.sql.Timestamp"><![CDATA[2012-09-23 18:18:08.0]]></Field>
	<Field name="LastUser" type="java.lang.String"><![CDATA[SUPERVISOR]]></Field>
	<Field name="LogLevDet" type="java.lang.String"><![CDATA[4]]></Field>
	<Field name="OrdTrt" type="com.sunopsis.sql.DbInt"><![CDATA[102]]></Field>
	<Field name="SqlName" type="java.lang.String"><![CDATA[Flow control]]></Field>
</Object>
<Object class="com.sunopsis.dwg.dbobj.SnpTxtHeader">
		<Field name="Enc" type="java.lang.String">null</Field>
	<Field name="EncKey" type="java.lang.String">null</Field>
	<Field name="ITxt" type="com.sunopsis.sql.DbInt"><![CDATA[26314072]]></Field>
	<Field name="ITxtOrig" type="com.sunopsis.sql.DbInt"><![CDATA[102]]></Field>
	<Field name="SqlIndGrp" type="java.lang.String"><![CDATA[0]]></Field>
 <Field name="Txt" type="java.lang.String"><![CDATA[<%@ INCLUDE CKM_FLOW DELETE_ERRORS%>]]></Field>
</Object>
<Object class="com.sunopsis.dwg.dbobj.SnpLineTrt">
		<Field name="AlwaysExe" type="java.lang.String"><![CDATA[0]]></Field>
	<Field name="ColConnectId" type="java.lang.String">null</Field>
	<Field name="ColContextCode" type="java.lang.String">null</Field>
	<Field name="ColIndCommit" type="java.lang.String">null</Field>
	<Field name="ColIsolLevel" type="java.lang.String">null</Field>
	<Field name="ColITxt" type="com.sunopsis.sql.DbInt"><![CDATA[null]]></Field>
	<Field name="ColLschemaName" type="java.lang.String">null</Field>
	<Field name="ColPlanComp" type="java.lang.String"><![CDATA[0]]></Field>
	<Field name="ColTechno" type="java.lang.String">null</Field>
	<Field name="DefConnectId" type="java.lang.String">null</Field>
	<Field name="DefContextCode" type="java.lang.String">null</Field>
	<Field name="DefIndCommit" type="java.lang.String">null</Field>
	<Field name="DefIsolLevel" type="java.lang.String">null</Field>
	<Field name="DefITxt" type="com.sunopsis.sql.DbInt"><![CDATA[26315072]]></Field>
	<Field name="DefLschemaName" type="java.lang.String">null</Field>
	<Field name="DefPlanComp" type="java.lang.String"><![CDATA[0]]></Field>
	<Field name="DefTechno" type="java.lang.String">null</Field>
	<Field name="FirstDate" type="java.sql.Timestamp"><![CDATA[2012-09-23 18:18:08.0]]></Field>
	<Field name="FirstUser" type="java.lang.String"><![CDATA[SUPERVISOR]]></Field>
	<Field name="IndErr" type="java.lang.String"><![CDATA[1]]></Field>
	<Field name="IndLogFinalCmd" type="java.lang.String"><![CDATA[0]]></Field>
	<Field name="IndLogMethod" type="java.lang.String">null</Field>
	<Field name="IndLogNb" type="java.lang.String">null</Field>
	<Field name="ITrt" type="com.sunopsis.sql.DbInt"><![CDATA[838072]]></Field>
	<Field name="KcmAk" type="java.lang.String"><![CDATA[0]]></Field>
	<Field name="KcmCond" type="java.lang.String"><![CDATA[0]]></Field>
	<Field name="KcmErrDel" type="java.lang.String"><![CDATA[0]]></Field>
	<Field name="KcmJoin" type="java.lang.String"><![CDATA[0]]></Field>
	<Field name="KcmNull" type="java.lang.String"><![CDATA[0]]></Field>
	<Field name="KcmPk" type="java.lang.String"><![CDATA[0]]></Field>
	<Field name="KimDrvdSel" type="java.lang.String"><![CDATA[0]]></Field>
	<Field name="KimIdx" type="java.lang.String"><![CDATA[0]]></Field>
	<Field name="KimJrn" type="java.lang.String"><![CDATA[0]]></Field>
	<Field name="KimJrnPop" type="java.lang.String"><![CDATA[0]]></Field>
	<Field name="KjmCreate" type="java.lang.String"><![CDATA[0]]></Field>
	<Field name="KjmDrop" type="java.lang.String"><![CDATA[0]]></Field>
	<Field name="KjmExtend" type="java.lang.String"><![CDATA[0]]></Field>
	<Field name="KjmLock" type="java.lang.String"><![CDATA[0]]></Field>
	<Field name="KjmPurge" type="java.lang.String"><![CDATA[0]]></Field>
	<Field name="KjmSetInstall" type="java.lang.String"><![CDATA[0]]></Field>
	<Field name="KjmSetUninstall" type="java.lang.String"><![CDATA[0]]></Field>
	<Field name="KjmSubscribe" type="java.lang.String"><![CDATA[0]]></Field>
	<Field name="KjmTableOrder" type="java.lang.String"><![CDATA[0]]></Field>
	<Field name="KjmUnlock" type="java.lang.String"><![CDATA[0]]></Field>
	<Field name="KjmUnsubscribe" type="java.lang.String"><![CDATA[0]]></Field>
	<Field name="KlmAfterInt" type="java.lang.String"><![CDATA[0]]></Field>
	<Field name="KlmIdx" type="java.lang.String"><![CDATA[0]]></Field>
	<Field name="KlmJrn" type="java.lang.String"><![CDATA[0]]></Field>
	<Field name="KxmUsed" type="java.lang.String">null</Field>
	<Field name="LastDate" type="java.sql.Timestamp"><![CDATA[2012-09-23 18:32:21.0]]></Field>
	<Field name="LastUser" type="java.lang.String"><![CDATA[SUPERVISOR]]></Field>
	<Field name="LogLevDet" type="java.lang.String"><![CDATA[4]]></Field>
	<Field name="OrdTrt" type="com.sunopsis.sql.DbInt"><![CDATA[92]]></Field>
	<Field name="SqlName" type="java.lang.String"><![CDATA[Recycle previous errors]]></Field>
</Object>
<Object class="com.sunopsis.dwg.dbobj.SnpTxtHeader">
		<Field name="Enc" type="java.lang.String">null</Field>
	<Field name="EncKey" type="java.lang.String">null</Field>
	<Field name="ITxt" type="com.sunopsis.sql.DbInt"><![CDATA[26315072]]></Field>
	<Field name="ITxtOrig" type="com.sunopsis.sql.DbInt"><![CDATA[102]]></Field>
	<Field name="SqlIndGrp" type="java.lang.String"><![CDATA[2]]></Field>
 <Field name="Txt" type="java.lang.String"><![CDATA[<%if ( snpRef.getUserExit("FLOW_CONTROL").equals("1") ) { %> 
insert into <%=snpRef.getTable("L","INT_NAME","A")+odiRef.getSession("SESS_NO")%>
(
	<%=snpRef.getColList("", "[COL_NAME]", ",\n\t", "", "INS and REW")%>
)
select	<%=snpRef.getColList("", "[COL_NAME]", ",\n\t", "", "INS  and REW")%>
from	<%=snpRef.getTable("L","ERR_NAME", "W")%> <%=snpRef.getInfo("DEST_TAB_ALIAS_WORD")%> E
where	not exists	(
		select	'X'
		from	<%=snpRef.getTable("L","INT_NAME","W")%> <%=snpRef.getInfo("DEST_TAB_ALIAS_WORD")%> T
		where	<%=snpRef.getColList("", "T.[COL_NAME]\t= E.[COL_NAME]", "\n\t\tand\t", "", "UK")%>
		)
and 	E.ORIGIN	= '<%=snpRef.getInfo("CT_ORIGIN")%>'
and 	E.ERR_TYPE	= '<%=snpRef.getInfo("CT_ERR_TYPE")%>'
<% } %>
]]></Field>
</Object>
<Object class="com.sunopsis.dwg.dbobj.SnpLineTrt">
		<Field name="AlwaysExe" type="java.lang.String"><![CDATA[1]]></Field>
	<Field name="ColConnectId" type="java.lang.String">null</Field>
	<Field name="ColContextCode" type="java.lang.String">null</Field>
	<Field name="ColIndCommit" type="java.lang.String">null</Field>
	<Field name="ColIsolLevel" type="java.lang.String">null</Field>
	<Field name="ColITxt" type="com.sunopsis.sql.DbInt"><![CDATA[null]]></Field>
	<Field name="ColLschemaName" type="java.lang.String">null</Field>
	<Field name="ColPlanComp" type="java.lang.String">null</Field>
	<Field name="ColTechno" type="java.lang.String">null</Field>
	<Field name="DefConnectId" type="java.lang.String">null</Field>
	<Field name="DefContextCode" type="java.lang.String">null</Field>
	<Field name="DefIndCommit" type="java.lang.String">null</Field>
	<Field name="DefIsolLevel" type="java.lang.String">null</Field>
	<Field name="DefITxt" type="com.sunopsis.sql.DbInt"><![CDATA[26316072]]></Field>
	<Field name="DefLschemaName" type="java.lang.String">null</Field>
	<Field name="DefPlanComp" type="java.lang.String">null</Field>
	<Field name="DefTechno" type="java.lang.String">null</Field>
	<Field name="FirstDate" type="java.sql.Timestamp"><![CDATA[2012-09-23 18:18:08.0]]></Field>
	<Field name="FirstUser" type="java.lang.String"><![CDATA[SUPERVISOR]]></Field>
	<Field name="IndErr" type="java.lang.String"><![CDATA[0]]></Field>
	<Field name="IndLogFinalCmd" type="java.lang.String">null</Field>
	<Field name="IndLogMethod" type="java.lang.String">null</Field>
	<Field name="IndLogNb" type="java.lang.String">null</Field>
	<Field name="ITrt" type="com.sunopsis.sql.DbInt"><![CDATA[838072]]></Field>
	<Field name="KcmAk" type="java.lang.String"><![CDATA[0]]></Field>
	<Field name="KcmCond" type="java.lang.String"><![CDATA[0]]></Field>
	<Field name="KcmErrDel" type="java.lang.String"><![CDATA[0]]></Field>
	<Field name="KcmJoin" type="java.lang.String"><![CDATA[0]]></Field>
	<Field name="KcmNull" type="java.lang.String"><![CDATA[0]]></Field>
	<Field name="KcmPk" type="java.lang.String"><![CDATA[0]]></Field>
	<Field name="KimDrvdSel" type="java.lang.String">null</Field>
	<Field name="KimIdx" type="java.lang.String">null</Field>
	<Field name="KimJrn" type="java.lang.String"><![CDATA[1]]></Field>
	<Field name="KimJrnPop" type="java.lang.String"><![CDATA[0]]></Field>
	<Field name="KjmCreate" type="java.lang.String"><![CDATA[0]]></Field>
	<Field name="KjmDrop" type="java.lang.String"><![CDATA[0]]></Field>
	<Field name="KjmExtend" type="java.lang.String"><![CDATA[0]]></Field>
	<Field name="KjmLock" type="java.lang.String"><![CDATA[0]]></Field>
	<Field name="KjmPurge" type="java.lang.String"><![CDATA[0]]></Field>
	<Field name="KjmSetInstall" type="java.lang.String"><![CDATA[0]]></Field>
	<Field name="KjmSetUninstall" type="java.lang.String"><![CDATA[0]]></Field>
	<Field name="KjmSubscribe" type="java.lang.String"><![CDATA[0]]></Field>
	<Field name="KjmTableOrder" type="java.lang.String"><![CDATA[0]]></Field>
	<Field name="KjmUnlock" type="java.lang.String"><![CDATA[0]]></Field>
	<Field name="KjmUnsubscribe" type="java.lang.String"><![CDATA[0]]></Field>
	<Field name="KlmAfterInt" type="java.lang.String"><![CDATA[0]]></Field>
	<Field name="KlmIdx" type="java.lang.String">null</Field>
	<Field name="KlmJrn" type="java.lang.String"><![CDATA[0]]></Field>
	<Field name="KxmUsed" type="java.lang.String">null</Field>
	<Field name="LastDate" type="java.sql.Timestamp"><![CDATA[2012-09-23 18:18:08.0]]></Field>
	<Field name="LastUser" type="java.lang.String"><![CDATA[SUPERVISOR]]></Field>
	<Field name="LogLevDet" type="java.lang.String"><![CDATA[4]]></Field>
	<Field name="OrdTrt" type="com.sunopsis.sql.DbInt"><![CDATA[72]]></Field>
	<Field name="SqlName" type="java.lang.String"><![CDATA[Lock journalized table]]></Field>
</Object>
<Object class="com.sunopsis.dwg.dbobj.SnpTxtHeader">
		<Field name="Enc" type="java.lang.String">null</Field>
	<Field name="EncKey" type="java.lang.String">null</Field>
	<Field name="ITxt" type="com.sunopsis.sql.DbInt"><![CDATA[26316072]]></Field>
	<Field name="ITxtOrig" type="com.sunopsis.sql.DbInt"><![CDATA[102]]></Field>
	<Field name="SqlIndGrp" type="java.lang.String"><![CDATA[2]]></Field>
 <Field name="Txt" type="java.lang.String"><![CDATA[<%if ("C".equals(snpRef.getJrnInfo("JRN_METHOD"))){%>
/* Consistant journalization detected. */
/* Lock should be done by a specific step in a package */
<% } else { %>
update	<%=snpRef.getTable( "L" , "JRN_NAME" , "A" )%>
set	JRN_CONSUMED = '1'
where	(1=1)
<%=snpRef.getJrnFilter()%>
<% } %>]]></Field>
</Object>
<Object class="com.sunopsis.dwg.dbobj.SnpLineTrt">
		<Field name="AlwaysExe" type="java.lang.String"><![CDATA[0]]></Field>
	<Field name="ColConnectId" type="java.lang.String">null</Field>
	<Field name="ColContextCode" type="java.lang.String">null</Field>
	<Field name="ColIndCommit" type="java.lang.String">null</Field>
	<Field name="ColIsolLevel" type="java.lang.String">null</Field>
	<Field name="ColITxt" type="com.sunopsis.sql.DbInt"><![CDATA[null]]></Field>
	<Field name="ColLschemaName" type="java.lang.String">null</Field>
	<Field name="ColPlanComp" type="java.lang.String"><![CDATA[0]]></Field>
	<Field name="ColTechno" type="java.lang.String">null</Field>
	<Field name="DefConnectId" type="java.lang.String">null</Field>
	<Field name="DefContextCode" type="java.lang.String">null</Field>
	<Field name="DefIndCommit" type="java.lang.String">null</Field>
	<Field name="DefIsolLevel" type="java.lang.String">null</Field>
	<Field name="DefITxt" type="com.sunopsis.sql.DbInt"><![CDATA[26317072]]></Field>
	<Field name="DefLschemaName" type="java.lang.String">null</Field>
	<Field name="DefPlanComp" type="java.lang.String"><![CDATA[0]]></Field>
	<Field name="DefTechno" type="java.lang.String">null</Field>
	<Field name="FirstDate" type="java.sql.Timestamp"><![CDATA[2012-09-23 18:18:08.0]]></Field>
	<Field name="FirstUser" type="java.lang.String"><![CDATA[SUPERVISOR]]></Field>
	<Field name="IndErr" type="java.lang.String"><![CDATA[0]]></Field>
	<Field name="IndLogFinalCmd" type="java.lang.String"><![CDATA[0]]></Field>
	<Field name="IndLogMethod" type="java.lang.String">null</Field>
	<Field name="IndLogNb" type="java.lang.String">null</Field>
	<Field name="ITrt" type="com.sunopsis.sql.DbInt"><![CDATA[838072]]></Field>
	<Field name="KcmAk" type="java.lang.String"><![CDATA[0]]></Field>
	<Field name="KcmCond" type="java.lang.String"><![CDATA[0]]></Field>
	<Field name="KcmErrDel" type="java.lang.String"><![CDATA[0]]></Field>
	<Field name="KcmJoin" type="java.lang.String"><![CDATA[0]]></Field>
	<Field name="KcmNull" type="java.lang.String"><![CDATA[0]]></Field>
	<Field name="KcmPk" type="java.lang.String"><![CDATA[0]]></Field>
	<Field name="KimDrvdSel" type="java.lang.String"><![CDATA[0]]></Field>
	<Field name="KimIdx" type="java.lang.String"><![CDATA[0]]></Field>
	<Field name="KimJrn" type="java.lang.String"><![CDATA[0]]></Field>
	<Field name="KimJrnPop" type="java.lang.String"><![CDATA[0]]></Field>
	<Field name="KjmCreate" type="java.lang.String"><![CDATA[0]]></Field>
	<Field name="KjmDrop" type="java.lang.String"><![CDATA[0]]></Field>
	<Field name="KjmExtend" type="java.lang.String"><![CDATA[0]]></Field>
	<Field name="KjmLock" type="java.lang.String"><![CDATA[0]]></Field>
	<Field name="KjmPurge" type="java.lang.String"><![CDATA[0]]></Field>
	<Field name="KjmSetInstall" type="java.lang.String"><![CDATA[0]]></Field>
	<Field name="KjmSetUninstall" type="java.lang.String"><![CDATA[0]]></Field>
	<Field name="KjmSubscribe" type="java.lang.String"><![CDATA[0]]></Field>
	<Field name="KjmTableOrder" type="java.lang.String"><![CDATA[0]]></Field>
	<Field name="KjmUnlock" type="java.lang.String"><![CDATA[0]]></Field>
	<Field name="KjmUnsubscribe" type="java.lang.String"><![CDATA[0]]></Field>
	<Field name="KlmAfterInt" type="java.lang.String"><![CDATA[0]]></Field>
	<Field name="KlmIdx" type="java.lang.String"><![CDATA[0]]></Field>
	<Field name="KlmJrn" type="java.lang.String"><![CDATA[0]]></Field>
	<Field name="KxmUsed" type="java.lang.String">null</Field>
	<Field name="LastDate" type="java.sql.Timestamp"><![CDATA[2012-09-23 18:32:21.0]]></Field>
	<Field name="LastUser" type="java.lang.String"><![CDATA[SUPERVISOR]]></Field>
	<Field name="LogLevDet" type="java.lang.String"><![CDATA[4]]></Field>
	<Field name="OrdTrt" type="com.sunopsis.sql.DbInt"><![CDATA[82]]></Field>
	<Field name="SqlName" type="java.lang.String"><![CDATA[Insert flow into I$ table]]></Field>
</Object>
<Object class="com.sunopsis.dwg.dbobj.SnpTxtHeader">
		<Field name="Enc" type="java.lang.String">null</Field>
	<Field name="EncKey" type="java.lang.String">null</Field>
	<Field name="ITxt" type="com.sunopsis.sql.DbInt"><![CDATA[26317072]]></Field>
	<Field name="ITxtOrig" type="com.sunopsis.sql.DbInt"><![CDATA[102]]></Field>
	<Field name="SqlIndGrp" type="java.lang.String"><![CDATA[2]]></Field>
 <Field name="Txt" type="java.lang.String"><![CDATA[insert into <%=snpRef.getTable("L","INT_NAME","A")+odiRef.getSession("SESS_NO")%>
(
	<%=snpRef.getColList("", "[COL_NAME]", ",\n\t", "", "((INS and !TRG) and REW)")%>
)
select <%=snpRef.getPop("DISTINCT_ROWS")%> 
	<%=snpRef.getColList("", "[EXPRESSION]", ",\n\t", "", "((INS and !TRG) and REW)")%>
from 	<%=snpRef.getFrom()%>
where	<% if (snpRef.getPop("HAS_JRN").equals("0")) { %>
	(1=1)
	<%} else {%>
	JRN_FLAG <> 'D'
	<% } %>
<%=snpRef.getJoin()%>
<%=snpRef.getFilter()%>
<%=snpRef.getJrnFilter()%>
<%=snpRef.getGrpBy()%>
<%=snpRef.getHaving()%>]]></Field>
</Object>
<Object class="com.sunopsis.dwg.dbobj.SnpLineTrt">
		<Field name="AlwaysExe" type="java.lang.String"><![CDATA[1]]></Field>
	<Field name="ColConnectId" type="java.lang.String">null</Field>
	<Field name="ColContextCode" type="java.lang.String">null</Field>
	<Field name="ColIndCommit" type="java.lang.String">null</Field>
	<Field name="ColIsolLevel" type="java.lang.String">null</Field>
	<Field name="ColITxt" type="com.sunopsis.sql.DbInt"><![CDATA[null]]></Field>
	<Field name="ColLschemaName" type="java.lang.String">null</Field>
	<Field name="ColPlanComp" type="java.lang.String">null</Field>
	<Field name="ColTechno" type="java.lang.String">null</Field>
	<Field name="DefConnectId" type="java.lang.String">null</Field>
	<Field name="DefContextCode" type="java.lang.String">null</Field>
	<Field name="DefIndCommit" type="java.lang.String">null</Field>
	<Field name="DefIsolLevel" type="java.lang.String">null</Field>
	<Field name="DefITxt" type="com.sunopsis.sql.DbInt"><![CDATA[26318072]]></Field>
	<Field name="DefLschemaName" type="java.lang.String">null</Field>
	<Field name="DefPlanComp" type="java.lang.String">null</Field>
	<Field name="DefTechno" type="java.lang.String">null</Field>
	<Field name="FirstDate" type="java.sql.Timestamp"><![CDATA[2012-09-23 18:18:08.0]]></Field>
	<Field name="FirstUser" type="java.lang.String"><![CDATA[SUPERVISOR]]></Field>
	<Field name="IndErr" type="java.lang.String"><![CDATA[0]]></Field>
	<Field name="IndLogFinalCmd" type="java.lang.String">null</Field>
	<Field name="IndLogMethod" type="java.lang.String">null</Field>
	<Field name="IndLogNb" type="java.lang.String">null</Field>
	<Field name="ITrt" type="com.sunopsis.sql.DbInt"><![CDATA[838072]]></Field>
	<Field name="KcmAk" type="java.lang.String"><![CDATA[0]]></Field>
	<Field name="KcmCond" type="java.lang.String"><![CDATA[0]]></Field>
	<Field name="KcmErrDel" type="java.lang.String"><![CDATA[0]]></Field>
	<Field name="KcmJoin" type="java.lang.String"><![CDATA[0]]></Field>
	<Field name="KcmNull" type="java.lang.String"><![CDATA[0]]></Field>
	<Field name="KcmPk" type="java.lang.String"><![CDATA[0]]></Field>
	<Field name="KimDrvdSel" type="java.lang.String">null</Field>
	<Field name="KimIdx" type="java.lang.String">null</Field>
	<Field name="KimJrn" type="java.lang.String"><![CDATA[1]]></Field>
	<Field name="KimJrnPop" type="java.lang.String"><![CDATA[0]]></Field>
	<Field name="KjmCreate" type="java.lang.String"><![CDATA[0]]></Field>
	<Field name="KjmDrop" type="java.lang.String"><![CDATA[0]]></Field>
	<Field name="KjmExtend" type="java.lang.String"><![CDATA[0]]></Field>
	<Field name="KjmLock" type="java.lang.String"><![CDATA[0]]></Field>
	<Field name="KjmPurge" type="java.lang.String"><![CDATA[0]]></Field>
	<Field name="KjmSetInstall" type="java.lang.String"><![CDATA[0]]></Field>
	<Field name="KjmSetUninstall" type="java.lang.String"><![CDATA[0]]></Field>
	<Field name="KjmSubscribe" type="java.lang.String"><![CDATA[0]]></Field>
	<Field name="KjmTableOrder" type="java.lang.String"><![CDATA[0]]></Field>
	<Field name="KjmUnlock" type="java.lang.String"><![CDATA[0]]></Field>
	<Field name="KjmUnsubscribe" type="java.lang.String"><![CDATA[0]]></Field>
	<Field name="KlmAfterInt" type="java.lang.String"><![CDATA[0]]></Field>
	<Field name="KlmIdx" type="java.lang.String">null</Field>
	<Field name="KlmJrn" type="java.lang.String"><![CDATA[0]]></Field>
	<Field name="KxmUsed" type="java.lang.String">null</Field>
	<Field name="LastDate" type="java.sql.Timestamp"><![CDATA[2012-09-23 18:18:08.0]]></Field>
	<Field name="LastUser" type="java.lang.String"><![CDATA[SUPERVISOR]]></Field>
	<Field name="LogLevDet" type="java.lang.String"><![CDATA[4]]></Field>
	<Field name="OrdTrt" type="com.sunopsis.sql.DbInt"><![CDATA[152]]></Field>
	<Field name="SqlName" type="java.lang.String"><![CDATA[Cleanup journalized table]]></Field>
</Object>
<Object class="com.sunopsis.dwg.dbobj.SnpTxtHeader">
		<Field name="Enc" type="java.lang.String">null</Field>
	<Field name="EncKey" type="java.lang.String">null</Field>
	<Field name="ITxt" type="com.sunopsis.sql.DbInt"><![CDATA[26318072]]></Field>
	<Field name="ITxtOrig" type="com.sunopsis.sql.DbInt"><![CDATA[102]]></Field>
	<Field name="SqlIndGrp" type="java.lang.String"><![CDATA[2]]></Field>
 <Field name="Txt" type="java.lang.String"><![CDATA[<% if ("C".equals(snpRef.getJrnInfo( "JRN_METHOD"))) { %>
/* Consistant journalization detected. */
/* Lock should be done by a specific step in a package */
<% } else { %>
delete from	<%=snpRef.getTable("L","JRN_NAME","A")%>
where	JRN_CONSUMED = '1'
<%=snpRef.getJrnFilter()%>
<% } %>]]></Field>
</Object>
<Object class="com.sunopsis.dwg.dbobj.SnpLineTrt">
		<Field name="AlwaysExe" type="java.lang.String"><![CDATA[0]]></Field>
	<Field name="ColConnectId" type="java.lang.String">null</Field>
	<Field name="ColContextCode" type="java.lang.String">null</Field>
	<Field name="ColIndCommit" type="java.lang.String">null</Field>
	<Field name="ColIsolLevel" type="java.lang.String">null</Field>
	<Field name="ColITxt" type="com.sunopsis.sql.DbInt"><![CDATA[null]]></Field>
	<Field name="ColLschemaName" type="java.lang.String">null</Field>
	<Field name="ColPlanComp" type="java.lang.String"><![CDATA[0]]></Field>
	<Field name="ColTechno" type="java.lang.String">null</Field>
	<Field name="DefConnectId" type="java.lang.String">null</Field>
	<Field name="DefContextCode" type="java.lang.String">null</Field>
	<Field name="DefIndCommit" type="java.lang.String">null</Field>
	<Field name="DefIsolLevel" type="java.lang.String">null</Field>
	<Field name="DefITxt" type="com.sunopsis.sql.DbInt"><![CDATA[26319072]]></Field>
	<Field name="DefLschemaName" type="java.lang.String">null</Field>
	<Field name="DefPlanComp" type="java.lang.String"><![CDATA[0]]></Field>
	<Field name="DefTechno" type="java.lang.String">null</Field>
	<Field name="FirstDate" type="java.sql.Timestamp"><![CDATA[2012-09-23 18:18:08.0]]></Field>
	<Field name="FirstUser" type="java.lang.String"><![CDATA[SUPERVISOR]]></Field>
	<Field name="IndErr" type="java.lang.String"><![CDATA[1]]></Field>
	<Field name="IndLogFinalCmd" type="java.lang.String"><![CDATA[0]]></Field>
	<Field name="IndLogMethod" type="java.lang.String">null</Field>
	<Field name="IndLogNb" type="java.lang.String">null</Field>
	<Field name="ITrt" type="com.sunopsis.sql.DbInt"><![CDATA[838072]]></Field>
	<Field name="KcmAk" type="java.lang.String"><![CDATA[0]]></Field>
	<Field name="KcmCond" type="java.lang.String"><![CDATA[0]]></Field>
	<Field name="KcmErrDel" type="java.lang.String"><![CDATA[0]]></Field>
	<Field name="KcmJoin" type="java.lang.String"><![CDATA[0]]></Field>
	<Field name="KcmNull" type="java.lang.String"><![CDATA[0]]></Field>
	<Field name="KcmPk" type="java.lang.String"><![CDATA[0]]></Field>
	<Field name="KimDrvdSel" type="java.lang.String"><![CDATA[0]]></Field>
	<Field name="KimIdx" type="java.lang.String"><![CDATA[0]]></Field>
	<Field name="KimJrn" type="java.lang.String"><![CDATA[0]]></Field>
	<Field name="KimJrnPop" type="java.lang.String"><![CDATA[0]]></Field>
	<Field name="KjmCreate" type="java.lang.String"><![CDATA[0]]></Field>
	<Field name="KjmDrop" type="java.lang.String"><![CDATA[0]]></Field>
	<Field name="KjmExtend" type="java.lang.String"><![CDATA[0]]></Field>
	<Field name="KjmLock" type="java.lang.String"><![CDATA[0]]></Field>
	<Field name="KjmPurge" type="java.lang.String"><![CDATA[0]]></Field>
	<Field name="KjmSetInstall" type="java.lang.String"><![CDATA[0]]></Field>
	<Field name="KjmSetUninstall" type="java.lang.String"><![CDATA[0]]></Field>
	<Field name="KjmSubscribe" type="java.lang.String"><![CDATA[0]]></Field>
	<Field name="KjmTableOrder" type="java.lang.String"><![CDATA[0]]></Field>
	<Field name="KjmUnlock" type="java.lang.String"><![CDATA[0]]></Field>
	<Field name="KjmUnsubscribe" type="java.lang.String"><![CDATA[0]]></Field>
	<Field name="KlmAfterInt" type="java.lang.String"><![CDATA[0]]></Field>
	<Field name="KlmIdx" type="java.lang.String"><![CDATA[0]]></Field>
	<Field name="KlmJrn" type="java.lang.String"><![CDATA[0]]></Field>
	<Field name="KxmUsed" type="java.lang.String">null</Field>
	<Field name="LastDate" type="java.sql.Timestamp"><![CDATA[2012-09-23 18:32:21.0]]></Field>
	<Field name="LastUser" type="java.lang.String"><![CDATA[SUPERVISOR]]></Field>
	<Field name="LogLevDet" type="java.lang.String"><![CDATA[5]]></Field>
	<Field name="OrdTrt" type="com.sunopsis.sql.DbInt"><![CDATA[172]]></Field>
	<Field name="SqlName" type="java.lang.String"><![CDATA[Drop flow table]]></Field>
</Object>
<Object class="com.sunopsis.dwg.dbobj.SnpTxtHeader">
		<Field name="Enc" type="java.lang.String">null</Field>
	<Field name="EncKey" type="java.lang.String">null</Field>
	<Field name="ITxt" type="com.sunopsis.sql.DbInt"><![CDATA[26319072]]></Field>
	<Field name="ITxtOrig" type="com.sunopsis.sql.DbInt"><![CDATA[102]]></Field>
	<Field name="SqlIndGrp" type="java.lang.String"><![CDATA[2]]></Field>
 <Field name="Txt" type="java.lang.String"><![CDATA[<%if ( snpRef.getUserExit("DELETE_TEMPORARY_OBJECTS").equals("1") ) { %> 
drop table <%=snpRef.getTable("L","INT_NAME","A")+odiRef.getSession("SESS_NO")%>
<% } %>
]]></Field>
</Object>
<Object class="com.sunopsis.dwg.dbobj.SnpLineTrt">
		<Field name="AlwaysExe" type="java.lang.String"><![CDATA[0]]></Field>
	<Field name="ColConnectId" type="java.lang.String">null</Field>
	<Field name="ColContextCode" type="java.lang.String">null</Field>
	<Field name="ColIndCommit" type="java.lang.String">null</Field>
	<Field name="ColIsolLevel" type="java.lang.String">null</Field>
	<Field name="ColITxt" type="com.sunopsis.sql.DbInt"><![CDATA[null]]></Field>
	<Field name="ColLschemaName" type="java.lang.String">null</Field>
	<Field name="ColPlanComp" type="java.lang.String"><![CDATA[0]]></Field>
	<Field name="ColTechno" type="java.lang.String">null</Field>
	<Field name="DefConnectId" type="java.lang.String">null</Field>
	<Field name="DefContextCode" type="java.lang.String">null</Field>
	<Field name="DefIndCommit" type="java.lang.String">null</Field>
	<Field name="DefIsolLevel" type="java.lang.String">null</Field>
	<Field name="DefITxt" type="com.sunopsis.sql.DbInt"><![CDATA[26320072]]></Field>
	<Field name="DefLschemaName" type="java.lang.String">null</Field>
	<Field name="DefPlanComp" type="java.lang.String"><![CDATA[0]]></Field>
	<Field name="DefTechno" type="java.lang.String">null</Field>
	<Field name="FirstDate" type="java.sql.Timestamp"><![CDATA[2012-09-23 18:18:08.0]]></Field>
	<Field name="FirstUser" type="java.lang.String"><![CDATA[SUPERVISOR]]></Field>
	<Field name="IndErr" type="java.lang.String"><![CDATA[1]]></Field>
	<Field name="IndLogFinalCmd" type="java.lang.String">null</Field>
	<Field name="IndLogMethod" type="java.lang.String">null</Field>
	<Field name="IndLogNb" type="java.lang.String">null</Field>
	<Field name="ITrt" type="com.sunopsis.sql.DbInt"><![CDATA[838072]]></Field>
	<Field name="KcmAk" type="java.lang.String"><![CDATA[0]]></Field>
	<Field name="KcmCond" type="java.lang.String"><![CDATA[0]]></Field>
	<Field name="KcmErrDel" type="java.lang.String"><![CDATA[0]]></Field>
	<Field name="KcmJoin" type="java.lang.String"><![CDATA[0]]></Field>
	<Field name="KcmNull" type="java.lang.String"><![CDATA[0]]></Field>
	<Field name="KcmPk" type="java.lang.String"><![CDATA[0]]></Field>
	<Field name="KimDrvdSel" type="java.lang.String">null</Field>
	<Field name="KimIdx" type="java.lang.String">null</Field>
	<Field name="KimJrn" type="java.lang.String"><![CDATA[0]]></Field>
	<Field name="KimJrnPop" type="java.lang.String"><![CDATA[0]]></Field>
	<Field name="KjmCreate" type="java.lang.String"><![CDATA[0]]></Field>
	<Field name="KjmDrop" type="java.lang.String"><![CDATA[0]]></Field>
	<Field name="KjmExtend" type="java.lang.String"><![CDATA[0]]></Field>
	<Field name="KjmLock" type="java.lang.String"><![CDATA[0]]></Field>
	<Field name="KjmPurge" type="java.lang.String"><![CDATA[0]]></Field>
	<Field name="KjmSetInstall" type="java.lang.String"><![CDATA[0]]></Field>
	<Field name="KjmSetUninstall" type="java.lang.String"><![CDATA[0]]></Field>
	<Field name="KjmSubscribe" type="java.lang.String"><![CDATA[0]]></Field>
	<Field name="KjmTableOrder" type="java.lang.String"><![CDATA[0]]></Field>
	<Field name="KjmUnlock" type="java.lang.String"><![CDATA[0]]></Field>
	<Field name="KjmUnsubscribe" type="java.lang.String"><![CDATA[0]]></Field>
	<Field name="KlmAfterInt" type="java.lang.String"><![CDATA[0]]></Field>
	<Field name="KlmIdx" type="java.lang.String">null</Field>
	<Field name="KlmJrn" type="java.lang.String"><![CDATA[0]]></Field>
	<Field name="KxmUsed" type="java.lang.String">null</Field>
	<Field name="LastDate" type="java.sql.Timestamp"><![CDATA[2012-09-23 18:18:08.0]]></Field>
	<Field name="LastUser" type="java.lang.String"><![CDATA[SUPERVISOR]]></Field>
	<Field name="LogLevDet" type="java.lang.String"><![CDATA[5]]></Field>
	<Field name="OrdTrt" type="com.sunopsis.sql.DbInt"><![CDATA[12]]></Field>
	<Field name="SqlName" type="java.lang.String"><![CDATA[Create target table ]]></Field>
</Object>
<Object class="com.sunopsis.dwg.dbobj.SnpTxtHeader">
		<Field name="Enc" type="java.lang.String">null</Field>
	<Field name="EncKey" type="java.lang.String">null</Field>
	<Field name="ITxt" type="com.sunopsis.sql.DbInt"><![CDATA[26320072]]></Field>
	<Field name="ITxtOrig" type="com.sunopsis.sql.DbInt"><![CDATA[102]]></Field>
	<Field name="SqlIndGrp" type="java.lang.String"><![CDATA[2]]></Field>
 <Field name="Txt" type="java.lang.String"><![CDATA[create table <%=snpRef.getTable("L", "TARG_NAME", "A")%>
(
	<%=snpRef.getTargetColList("", "[COL_NAME]\t[DEST_CRE_DT] " + snpRef.getInfo("DEST_DDL_NULL"), ",\n\t", "")%>
)]]></Field>
</Object>
<Object class="com.sunopsis.dwg.dbobj.SnpLineTrt">
		<Field name="AlwaysExe" type="java.lang.String"><![CDATA[0]]></Field>
	<Field name="ColConnectId" type="java.lang.String">null</Field>
	<Field name="ColContextCode" type="java.lang.String">null</Field>
	<Field name="ColIndCommit" type="java.lang.String">null</Field>
	<Field name="ColIsolLevel" type="java.lang.String">null</Field>
	<Field name="ColITxt" type="com.sunopsis.sql.DbInt"><![CDATA[null]]></Field>
	<Field name="ColLschemaName" type="java.lang.String">null</Field>
	<Field name="ColPlanComp" type="java.lang.String"><![CDATA[0]]></Field>
	<Field name="ColTechno" type="java.lang.String">null</Field>
	<Field name="DefConnectId" type="java.lang.String">null</Field>
	<Field name="DefContextCode" type="java.lang.String">null</Field>
	<Field name="DefIndCommit" type="java.lang.String">null</Field>
	<Field name="DefIsolLevel" type="java.lang.String">null</Field>
	<Field name="DefITxt" type="com.sunopsis.sql.DbInt"><![CDATA[26321072]]></Field>
	<Field name="DefLschemaName" type="java.lang.String">null</Field>
	<Field name="DefPlanComp" type="java.lang.String"><![CDATA[0]]></Field>
	<Field name="DefTechno" type="java.lang.String">null</Field>
	<Field name="FirstDate" type="java.sql.Timestamp"><![CDATA[2012-09-23 18:18:08.0]]></Field>
	<Field name="FirstUser" type="java.lang.String"><![CDATA[SUPERVISOR]]></Field>
	<Field name="IndErr" type="java.lang.String"><![CDATA[1]]></Field>
	<Field name="IndLogFinalCmd" type="java.lang.String">null</Field>
	<Field name="IndLogMethod" type="java.lang.String">null</Field>
	<Field name="IndLogNb" type="java.lang.String">null</Field>
	<Field name="ITrt" type="com.sunopsis.sql.DbInt"><![CDATA[838072]]></Field>
	<Field name="KcmAk" type="java.lang.String"><![CDATA[0]]></Field>
	<Field name="KcmCond" type="java.lang.String"><![CDATA[0]]></Field>
	<Field name="KcmErrDel" type="java.lang.String"><![CDATA[0]]></Field>
	<Field name="KcmJoin" type="java.lang.String"><![CDATA[0]]></Field>
	<Field name="KcmNull" type="java.lang.String"><![CDATA[0]]></Field>
	<Field name="KcmPk" type="java.lang.String"><![CDATA[0]]></Field>
	<Field name="KimDrvdSel" type="java.lang.String">null</Field>
	<Field name="KimIdx" type="java.lang.String">null</Field>
	<Field name="KimJrn" type="java.lang.String"><![CDATA[0]]></Field>
	<Field name="KimJrnPop" type="java.lang.String"><![CDATA[0]]></Field>
	<Field name="KjmCreate" type="java.lang.String"><![CDATA[0]]></Field>
	<Field name="KjmDrop" type="java.lang.String"><![CDATA[0]]></Field>
	<Field name="KjmExtend" type="java.lang.String"><![CDATA[0]]></Field>
	<Field name="KjmLock" type="java.lang.String"><![CDATA[0]]></Field>
	<Field name="KjmPurge" type="java.lang.String"><![CDATA[0]]></Field>
	<Field name="KjmSetInstall" type="java.lang.String"><![CDATA[0]]></Field>
	<Field name="KjmSetUninstall" type="java.lang.String"><![CDATA[0]]></Field>
	<Field name="KjmSubscribe" type="java.lang.String"><![CDATA[0]]></Field>
	<Field name="KjmTableOrder" type="java.lang.String"><![CDATA[0]]></Field>
	<Field name="KjmUnlock" type="java.lang.String"><![CDATA[0]]></Field>
	<Field name="KjmUnsubscribe" type="java.lang.String"><![CDATA[0]]></Field>
	<Field name="KlmAfterInt" type="java.lang.String"><![CDATA[0]]></Field>
	<Field name="KlmIdx" type="java.lang.String">null</Field>
	<Field name="KlmJrn" type="java.lang.String"><![CDATA[0]]></Field>
	<Field name="KxmUsed" type="java.lang.String">null</Field>
	<Field name="LastDate" type="java.sql.Timestamp"><![CDATA[2012-09-23 18:18:08.0]]></Field>
	<Field name="LastUser" type="java.lang.String"><![CDATA[SUPERVISOR]]></Field>
	<Field name="LogLevDet" type="java.lang.String"><![CDATA[5]]></Field>
	<Field name="OrdTrt" type="com.sunopsis.sql.DbInt"><![CDATA[32]]></Field>
	<Field name="SqlName" type="java.lang.String"><![CDATA[Drop flow table]]></Field>
</Object>
<Object class="com.sunopsis.dwg.dbobj.SnpTxtHeader">
		<Field name="Enc" type="java.lang.String">null</Field>
	<Field name="EncKey" type="java.lang.String">null</Field>
	<Field name="ITxt" type="com.sunopsis.sql.DbInt"><![CDATA[26321072]]></Field>
	<Field name="ITxtOrig" type="com.sunopsis.sql.DbInt"><![CDATA[102]]></Field>
	<Field name="SqlIndGrp" type="java.lang.String"><![CDATA[2]]></Field>
 <Field name="Txt" type="java.lang.String"><![CDATA[drop table <%=snpRef.getTable("L", "INT_NAME", "A")%>]]></Field>
</Object>
<Object class="com.sunopsis.dwg.dbobj.SnpLineTrt">
		<Field name="AlwaysExe" type="java.lang.String"><![CDATA[0]]></Field>
	<Field name="ColConnectId" type="java.lang.String">null</Field>
	<Field name="ColContextCode" type="java.lang.String">null</Field>
	<Field name="ColIndCommit" type="java.lang.String">null</Field>
	<Field name="ColIsolLevel" type="java.lang.String">null</Field>
	<Field name="ColITxt" type="com.sunopsis.sql.DbInt"><![CDATA[null]]></Field>
	<Field name="ColLschemaName" type="java.lang.String">null</Field>
	<Field name="ColPlanComp" type="java.lang.String"><![CDATA[0]]></Field>
	<Field name="ColTechno" type="java.lang.String">null</Field>
	<Field name="DefConnectId" type="java.lang.String">null</Field>
	<Field name="DefContextCode" type="java.lang.String">null</Field>
	<Field name="DefIndCommit" type="java.lang.String">null</Field>
	<Field name="DefIsolLevel" type="java.lang.String">null</Field>
	<Field name="DefITxt" type="com.sunopsis.sql.DbInt"><![CDATA[26322072]]></Field>
	<Field name="DefLschemaName" type="java.lang.String">null</Field>
	<Field name="DefPlanComp" type="java.lang.String"><![CDATA[0]]></Field>
	<Field name="DefTechno" type="java.lang.String">null</Field>
	<Field name="FirstDate" type="java.sql.Timestamp"><![CDATA[2012-09-23 18:18:08.0]]></Field>
	<Field name="FirstUser" type="java.lang.String"><![CDATA[SUPERVISOR]]></Field>
	<Field name="IndErr" type="java.lang.String"><![CDATA[1]]></Field>
	<Field name="IndLogFinalCmd" type="java.lang.String"><![CDATA[0]]></Field>
	<Field name="IndLogMethod" type="java.lang.String">null</Field>
	<Field name="IndLogNb" type="java.lang.String">null</Field>
	<Field name="ITrt" type="com.sunopsis.sql.DbInt"><![CDATA[838072]]></Field>
	<Field name="KcmAk" type="java.lang.String"><![CDATA[0]]></Field>
	<Field name="KcmCond" type="java.lang.String"><![CDATA[0]]></Field>
	<Field name="KcmErrDel" type="java.lang.String"><![CDATA[0]]></Field>
	<Field name="KcmJoin" type="java.lang.String"><![CDATA[0]]></Field>
	<Field name="KcmNull" type="java.lang.String"><![CDATA[0]]></Field>
	<Field name="KcmPk" type="java.lang.String"><![CDATA[0]]></Field>
	<Field name="KimDrvdSel" type="java.lang.String"><![CDATA[0]]></Field>
	<Field name="KimIdx" type="java.lang.String"><![CDATA[0]]></Field>
	<Field name="KimJrn" type="java.lang.String"><![CDATA[0]]></Field>
	<Field name="KimJrnPop" type="java.lang.String"><![CDATA[0]]></Field>
	<Field name="KjmCreate" type="java.lang.String"><![CDATA[0]]></Field>
	<Field name="KjmDrop" type="java.lang.String"><![CDATA[0]]></Field>
	<Field name="KjmExtend" type="java.lang.String"><![CDATA[0]]></Field>
	<Field name="KjmLock" type="java.lang.String"><![CDATA[0]]></Field>
	<Field name="KjmPurge" type="java.lang.String"><![CDATA[0]]></Field>
	<Field name="KjmSetInstall" type="java.lang.String"><![CDATA[0]]></Field>
	<Field name="KjmSetUninstall" type="java.lang.String"><![CDATA[0]]></Field>
	<Field name="KjmSubscribe" type="java.lang.String"><![CDATA[0]]></Field>
	<Field name="KjmTableOrder" type="java.lang.String"><![CDATA[0]]></Field>
	<Field name="KjmUnlock" type="java.lang.String"><![CDATA[0]]></Field>
	<Field name="KjmUnsubscribe" type="java.lang.String"><![CDATA[0]]></Field>
	<Field name="KlmAfterInt" type="java.lang.String"><![CDATA[0]]></Field>
	<Field name="KlmIdx" type="java.lang.String"><![CDATA[0]]></Field>
	<Field name="KlmJrn" type="java.lang.String"><![CDATA[0]]></Field>
	<Field name="KxmUsed" type="java.lang.String">null</Field>
	<Field name="LastDate" type="java.sql.Timestamp"><![CDATA[2012-09-23 18:32:21.0]]></Field>
	<Field name="LastUser" type="java.lang.String"><![CDATA[SUPERVISOR]]></Field>
	<Field name="LogLevDet" type="java.lang.String"><![CDATA[5]]></Field>
	<Field name="OrdTrt" type="com.sunopsis.sql.DbInt"><![CDATA[52]]></Field>
	<Field name="SqlName" type="java.lang.String"><![CDATA[Create flow table I$]]></Field>
</Object>
<Object class="com.sunopsis.dwg.dbobj.SnpTxtHeader">
		<Field name="Enc" type="java.lang.String">null</Field>
	<Field name="EncKey" type="java.lang.String">null</Field>
	<Field name="ITxt" type="com.sunopsis.sql.DbInt"><![CDATA[26322072]]></Field>
	<Field name="ITxtOrig" type="com.sunopsis.sql.DbInt"><![CDATA[102]]></Field>
	<Field name="SqlIndGrp" type="java.lang.String"><![CDATA[2]]></Field>
 <Field name="Txt" type="java.lang.String"><![CDATA[create table <%=snpRef.getTable("L", "INT_NAME", "A")+odiRef.getSession("SESS_NO")%>
(
	<%=snpRef.getColList("", "[COL_NAME]\t[DEST_WRI_DT] " + snpRef.getInfo("DEST_DDL_NULL"), ",\n\t", "", "INS")%>
)]]></Field>
</Object>
<Object class="com.sunopsis.dwg.dbobj.SnpLineTrtUe">
		<Field name="ITrt" type="com.sunopsis.sql.DbInt"><![CDATA[838072]]></Field>
	<Field name="IUserExit" type="com.sunopsis.sql.DbInt"><![CDATA[5436072]]></Field>
	<Field name="OrdTrt" type="com.sunopsis.sql.DbInt"><![CDATA[12]]></Field>
</Object>
<Object class="com.sunopsis.dwg.dbobj.SnpLineTrtUe">
		<Field name="ITrt" type="com.sunopsis.sql.DbInt"><![CDATA[838072]]></Field>
	<Field name="IUserExit" type="com.sunopsis.sql.DbInt"><![CDATA[5431072]]></Field>
	<Field name="OrdTrt" type="com.sunopsis.sql.DbInt"><![CDATA[32]]></Field>
</Object>
<Object class="com.sunopsis.dwg.dbobj.SnpLineTrtUe">
		<Field name="ITrt" type="com.sunopsis.sql.DbInt"><![CDATA[838072]]></Field>
	<Field name="IUserExit" type="com.sunopsis.sql.DbInt"><![CDATA[5431072]]></Field>
	<Field name="OrdTrt" type="com.sunopsis.sql.DbInt"><![CDATA[52]]></Field>
</Object>
<Object class="com.sunopsis.dwg.dbobj.SnpLineTrtUe">
		<Field name="ITrt" type="com.sunopsis.sql.DbInt"><![CDATA[838072]]></Field>
	<Field name="IUserExit" type="com.sunopsis.sql.DbInt"><![CDATA[5431072]]></Field>
	<Field name="OrdTrt" type="com.sunopsis.sql.DbInt"><![CDATA[82]]></Field>
</Object>
<Object class="com.sunopsis.dwg.dbobj.SnpLineTrtUe">
		<Field name="ITrt" type="com.sunopsis.sql.DbInt"><![CDATA[838072]]></Field>
	<Field name="IUserExit" type="com.sunopsis.sql.DbInt"><![CDATA[5432072]]></Field>
	<Field name="OrdTrt" type="com.sunopsis.sql.DbInt"><![CDATA[92]]></Field>
</Object>
<Object class="com.sunopsis.dwg.dbobj.SnpLineTrtUe">
		<Field name="ITrt" type="com.sunopsis.sql.DbInt"><![CDATA[838072]]></Field>
	<Field name="IUserExit" type="com.sunopsis.sql.DbInt"><![CDATA[5431072]]></Field>
	<Field name="OrdTrt" type="com.sunopsis.sql.DbInt"><![CDATA[102]]></Field>
</Object>
<Object class="com.sunopsis.dwg.dbobj.SnpLineTrtUe">
		<Field name="ITrt" type="com.sunopsis.sql.DbInt"><![CDATA[838072]]></Field>
	<Field name="IUserExit" type="com.sunopsis.sql.DbInt"><![CDATA[5434072]]></Field>
	<Field name="OrdTrt" type="com.sunopsis.sql.DbInt"><![CDATA[112]]></Field>
</Object>
<Object class="com.sunopsis.dwg.dbobj.SnpLineTrtUe">
		<Field name="ITrt" type="com.sunopsis.sql.DbInt"><![CDATA[838072]]></Field>
	<Field name="IUserExit" type="com.sunopsis.sql.DbInt"><![CDATA[5435072]]></Field>
	<Field name="OrdTrt" type="com.sunopsis.sql.DbInt"><![CDATA[122]]></Field>
</Object>
<Object class="com.sunopsis.dwg.dbobj.SnpLineTrtUe">
		<Field name="ITrt" type="com.sunopsis.sql.DbInt"><![CDATA[838072]]></Field>
	<Field name="IUserExit" type="com.sunopsis.sql.DbInt"><![CDATA[5429072]]></Field>
	<Field name="OrdTrt" type="com.sunopsis.sql.DbInt"><![CDATA[132]]></Field>
</Object>
<Object class="com.sunopsis.dwg.dbobj.SnpLineTrtUe">
		<Field name="ITrt" type="com.sunopsis.sql.DbInt"><![CDATA[838072]]></Field>
	<Field name="IUserExit" type="com.sunopsis.sql.DbInt"><![CDATA[5430072]]></Field>
	<Field name="OrdTrt" type="com.sunopsis.sql.DbInt"><![CDATA[142]]></Field>
</Object>
<Object class="com.sunopsis.dwg.dbobj.SnpLineTrtUe">
		<Field name="ITrt" type="com.sunopsis.sql.DbInt"><![CDATA[838072]]></Field>
	<Field name="IUserExit" type="com.sunopsis.sql.DbInt"><![CDATA[5433072]]></Field>
	<Field name="OrdTrt" type="com.sunopsis.sql.DbInt"><![CDATA[162]]></Field>
</Object>
<Object class="com.sunopsis.dwg.dbobj.SnpLineTrtUe">
		<Field name="ITrt" type="com.sunopsis.sql.DbInt"><![CDATA[838072]]></Field>
	<Field name="IUserExit" type="com.sunopsis.sql.DbInt"><![CDATA[5431072]]></Field>
	<Field name="OrdTrt" type="com.sunopsis.sql.DbInt"><![CDATA[172]]></Field>
</Object>
<Object class="com.sunopsis.dwg.dbobj.SnpImportRep">
		<Field name="RepShortId" type="com.sunopsis.sql.DbInt"><![CDATA[72]]></Field>
	<Field name="RepTimestamp" type="java.lang.String"><![CDATA[1226360535578]]></Field>
</Object>
<Object class="com.sunopsis.dwg.dbobj.SnpImportRep">
		<Field name="RepShortId" type="com.sunopsis.sql.DbInt"><![CDATA[1]]></Field>
	<Field name="RepTimestamp" type="java.lang.String"><![CDATA[1302621130173]]></Field>
</Object>
<Object class="com.sunopsis.dwg.dbobj.SnpImportRep">
		<Field name="RepShortId" type="com.sunopsis.sql.DbInt"><![CDATA[70]]></Field>
	<Field name="RepTimestamp" type="java.lang.String"><![CDATA[1323112116469]]></Field>
</Object>
<Object class="com.sunopsis.dwg.DwgExportSummary">
		<Field name="ExpTxtNb" type="com.sunopsis.sql.DbInt"><![CDATA[0]]></Field>
	<Field name="InstObjNb" type="com.sunopsis.sql.DbInt"><![CDATA[0]]></Field>
	<Field name="JoinColNb" type="com.sunopsis.sql.DbInt"><![CDATA[0]]></Field>
	<Field name="JoinNb" type="com.sunopsis.sql.DbInt"><![CDATA[0]]></Field>
	<Field name="KeyColNb" type="com.sunopsis.sql.DbInt"><![CDATA[0]]></Field>
	<Field name="KeyNb" type="com.sunopsis.sql.DbInt"><![CDATA[0]]></Field>
	<Field name="LinkDiagNb" type="com.sunopsis.sql.DbInt"><![CDATA[0]]></Field>
	<Field name="MorigTxtNb" type="com.sunopsis.sql.DbInt"><![CDATA[0]]></Field>
	<Field name="MtxtNb" type="com.sunopsis.sql.DbInt"><![CDATA[0]]></Field>
	<Field name="OrigTxtNb" type="com.sunopsis.sql.DbInt"><![CDATA[3]]></Field>
	<Field name="OtherObjectsNb" type="com.sunopsis.sql.DbInt"><![CDATA[36]]></Field>
	<Field name="PlanAgentNb" type="com.sunopsis.sql.DbInt"><![CDATA[0]]></Field>
	<Field name="StepNb" type="com.sunopsis.sql.DbInt"><![CDATA[0]]></Field>
	<Field name="TxtNb" type="com.sunopsis.sql.DbInt"><![CDATA[24]]></Field>
	<Field name="UeOrigNb" type="com.sunopsis.sql.DbInt"><![CDATA[0]]></Field>
	<Field name="UeUsedNb" type="com.sunopsis.sql.DbInt"><![CDATA[0]]></Field>
	<Field name="VarPlanAgentNb" type="com.sunopsis.sql.DbInt"><![CDATA[0]]></Field>
	<Field name="ScenTxtNb" type="com.sunopsis.sql.DbInt"><![CDATA[0]]></Field>
	<Field name="OdiVersion" type="java.lang.String"><![CDATA[11.1.1.6.0 - 19/12/2011]]></Field>
	<Field name="OriginRepositoryID" type="com.sunopsis.sql.DbInt"><![CDATA[72]]></Field>
	<Field name="RepositoryVersion" type="java.lang.String"><![CDATA[04.03.04.02]]></Field>
</Object>
</SunopsisExport>
