<?xml version="1.0" encoding="ISO-8859-1"?>
<SunopsisExport>
<Admin RepositoryVersion="04.03.04.02" />
<Object class="com.sunopsis.dwg.dbobj.SnpTrt">
		<Field name="ExtVersion" type="java.lang.String">null</Field>
	<Field name="FirstDate" type="java.sql.Timestamp"><![CDATA[2013-01-06 19:41:28.0]]></Field>
	<Field name="FirstUser" type="java.lang.String"><![CDATA[SUPERVISOR]]></Field>
	<Field name="IndChange" type="java.lang.String"><![CDATA[U]]></Field>
	<Field name="IndJrnMethod" type="java.lang.String"><![CDATA[S]]></Field>
	<Field name="IndSuppSetBased" type="java.lang.String">null</Field>
	<Field name="IntVersion" type="com.sunopsis.sql.DbInt"><![CDATA[18]]></Field>
	<Field name="IFolder" type="com.sunopsis.sql.DbInt"><![CDATA[null]]></Field>
	<Field name="IProject" type="com.sunopsis.sql.DbInt"><![CDATA[41072]]></Field>
	<Field name="IScBaseTrt" type="com.sunopsis.sql.DbInt"><![CDATA[null]]></Field>
	<Field name="IScOrigTrt" type="com.sunopsis.sql.DbInt"><![CDATA[null]]></Field>
	<Field name="IScTrt" type="com.sunopsis.sql.DbInt"><![CDATA[null]]></Field>
	<Field name="IState" type="com.sunopsis.sql.DbInt"><![CDATA[17003]]></Field>
	<Field name="ITrt" type="com.sunopsis.sql.DbInt"><![CDATA[860072]]></Field>
	<Field name="ITxtTrtTxt" type="com.sunopsis.sql.DbInt"><![CDATA[26654072]]></Field>
	<Field name="KimMultiDserver" type="java.lang.String"><![CDATA[1]]></Field>
	<Field name="KmDefault" type="java.lang.String"><![CDATA[0]]></Field>
	<Field name="KmSrcTechno" type="java.lang.String">null</Field>
	<Field name="KmTechno" type="java.lang.String"><![CDATA[ORACLE]]></Field>
	<Field name="KmVersion" type="java.lang.String"><![CDATA[15]]></Field>
	<Field name="LastDate" type="java.sql.Timestamp"><![CDATA[2013-01-06 22:11:08.0]]></Field>
	<Field name="LastUser" type="java.lang.String"><![CDATA[SUPERVISOR]]></Field>
	<Field name="LChecksum" type="com.sunopsis.sql.DbInt"><![CDATA[-2100538450]]></Field>
	<Field name="LCode" type="java.lang.String">null</Field>
	<Field name="OrdFolder" type="com.sunopsis.sql.DbInt"><![CDATA[null]]></Field>
	<Field name="TrtName" type="java.lang.String"><![CDATA[IKM Oracle Pivot]]></Field>
	<Field name="TrtType" type="java.lang.String"><![CDATA[KI]]></Field>
	<Field name="VLastDate" type="java.sql.Timestamp"><![CDATA[2009-04-17 16:17:44.0]]></Field>
</Object>
<Object class="com.sunopsis.dwg.dbobj.SnpTxtHeader">
		<Field name="Enc" type="java.lang.String">null</Field>
	<Field name="EncKey" type="java.lang.String">null</Field>
	<Field name="ITxt" type="com.sunopsis.sql.DbInt"><![CDATA[26654072]]></Field>
	<Field name="ITxtOrig" type="com.sunopsis.sql.DbInt"><![CDATA[107]]></Field>
	<Field name="SqlIndGrp" type="java.lang.String"><![CDATA[0]]></Field>
 <Field name="Txt" type="java.lang.String"><![CDATA[COMPONENT NAME: IKM Oracle Pivot

Description :
- Multi-Technology Integration Knowledge Module
- Integrates data in any ISO-92 compliant database target table in truncate / insert (append) mode.

Use for the KM

The generated code will be of the form:
select * from (
select <list of columns>, Pivot_column, Pivor_operations_column
from <list of source tables>)
pivot ( <Pivot_Values> for <Pivot_column> in (values and columns)

Values and columns are defined as mappings in the interface, where the mapping is on the target and the values of <pivot_column> are used as litterals in the mappings. 

Possible improvements (leveraging java or Jython for improved code generation):
- retrieve the name of the column "pivot_operations_column" directly from the <pivot_values> formula
- automatically add "PV" in the formula instead of making this a pre-requisite]]></Field>
</Object>
<Object class="com.sunopsis.dwg.dbobj.SnpOrigTxt">
		<Field name="ITxtOrig" type="com.sunopsis.sql.DbInt"><![CDATA[107]]></Field>
	<Field name="OrigineName" type="java.lang.String"><![CDATA[Edit Command]]></Field>
	<Field name="SnpsCol" type="java.lang.String"><![CDATA[I_TXT_TRT_TXT]]></Field>
	<Field name="SnpsTable" type="java.lang.String"><![CDATA[SNP_TRT]]></Field>
</Object>
<Object class="com.sunopsis.dwg.dbobj.SnpUserExit">
		<Field name="ExtVersion" type="java.lang.String">null</Field>
	<Field name="IndChange" type="java.lang.String"><![CDATA[I]]></Field>
	<Field name="ITrt" type="com.sunopsis.sql.DbInt"><![CDATA[860072]]></Field>
	<Field name="ITxtUeHelp" type="com.sunopsis.sql.DbInt"><![CDATA[26655072]]></Field>
	<Field name="ITxtValue" type="com.sunopsis.sql.DbInt"><![CDATA[null]]></Field>
	<Field name="IUserExit" type="com.sunopsis.sql.DbInt"><![CDATA[5536072]]></Field>
	<Field name="Position" type="com.sunopsis.sql.DbInt"><![CDATA[10]]></Field>
	<Field name="ShortValue" type="java.lang.String"><![CDATA[1]]></Field>
	<Field name="UeName" type="java.lang.String"><![CDATA[INSERT]]></Field>
	<Field name="UeSdesc" type="java.lang.String"><![CDATA[Insert new rows. ]]></Field>
	<Field name="UeType" type="java.lang.String"><![CDATA[C]]></Field>
</Object>
<Object class="com.sunopsis.dwg.dbobj.SnpTxtHeader">
		<Field name="Enc" type="java.lang.String">null</Field>
	<Field name="EncKey" type="java.lang.String">null</Field>
	<Field name="ITxt" type="com.sunopsis.sql.DbInt"><![CDATA[26655072]]></Field>
	<Field name="ITxtOrig" type="com.sunopsis.sql.DbInt"><![CDATA[111]]></Field>
	<Field name="SqlIndGrp" type="java.lang.String"><![CDATA[0]]></Field>
 <Field name="Txt" type="java.lang.String"><![CDATA[Automatically attempts to insert data into the Target Datastore of the Interface ]]></Field>
</Object>
<Object class="com.sunopsis.dwg.dbobj.SnpOrigTxt">
		<Field name="ITxtOrig" type="com.sunopsis.sql.DbInt"><![CDATA[111]]></Field>
	<Field name="OrigineName" type="java.lang.String"><![CDATA[User Exit help]]></Field>
	<Field name="SnpsCol" type="java.lang.String"><![CDATA[I_TXT_UE_HELP]]></Field>
	<Field name="SnpsTable" type="java.lang.String"><![CDATA[SNP_USER_EXIT]]></Field>
</Object>
<Object class="com.sunopsis.dwg.dbobj.SnpUserExit">
		<Field name="ExtVersion" type="java.lang.String">null</Field>
	<Field name="IndChange" type="java.lang.String"><![CDATA[I]]></Field>
	<Field name="ITrt" type="com.sunopsis.sql.DbInt"><![CDATA[860072]]></Field>
	<Field name="ITxtUeHelp" type="com.sunopsis.sql.DbInt"><![CDATA[26656072]]></Field>
	<Field name="ITxtValue" type="com.sunopsis.sql.DbInt"><![CDATA[null]]></Field>
	<Field name="IUserExit" type="com.sunopsis.sql.DbInt"><![CDATA[5537072]]></Field>
	<Field name="Position" type="com.sunopsis.sql.DbInt"><![CDATA[60]]></Field>
	<Field name="ShortValue" type="java.lang.String"><![CDATA[1]]></Field>
	<Field name="UeName" type="java.lang.String"><![CDATA[COMMIT]]></Field>
	<Field name="UeSdesc" type="java.lang.String"><![CDATA[Post Integration Commit]]></Field>
	<Field name="UeType" type="java.lang.String"><![CDATA[C]]></Field>
</Object>
<Object class="com.sunopsis.dwg.dbobj.SnpTxtHeader">
		<Field name="Enc" type="java.lang.String">null</Field>
	<Field name="EncKey" type="java.lang.String">null</Field>
	<Field name="ITxt" type="com.sunopsis.sql.DbInt"><![CDATA[26656072]]></Field>
	<Field name="ITxtOrig" type="com.sunopsis.sql.DbInt"><![CDATA[111]]></Field>
	<Field name="SqlIndGrp" type="java.lang.String"><![CDATA[0]]></Field>
 <Field name="Txt" type="java.lang.String"><![CDATA[Commit all data inserted in the target datastore. ]]></Field>
</Object>
<Object class="com.sunopsis.dwg.dbobj.SnpUserExit">
		<Field name="ExtVersion" type="java.lang.String">null</Field>
	<Field name="IndChange" type="java.lang.String"><![CDATA[I]]></Field>
	<Field name="ITrt" type="com.sunopsis.sql.DbInt"><![CDATA[860072]]></Field>
	<Field name="ITxtUeHelp" type="com.sunopsis.sql.DbInt"><![CDATA[null]]></Field>
	<Field name="ITxtValue" type="com.sunopsis.sql.DbInt"><![CDATA[null]]></Field>
	<Field name="IUserExit" type="com.sunopsis.sql.DbInt"><![CDATA[5553072]]></Field>
	<Field name="Position" type="com.sunopsis.sql.DbInt"><![CDATA[null]]></Field>
	<Field name="ShortValue" type="java.lang.String"><![CDATA[1]]></Field>
	<Field name="UeName" type="java.lang.String"><![CDATA[TRUNCATE_TARGET]]></Field>
	<Field name="UeSdesc" type="java.lang.String">null</Field>
	<Field name="UeType" type="java.lang.String"><![CDATA[C]]></Field>
</Object>
<Object class="com.sunopsis.dwg.dbobj.SnpUserExit">
		<Field name="ExtVersion" type="java.lang.String">null</Field>
	<Field name="IndChange" type="java.lang.String"><![CDATA[U]]></Field>
	<Field name="ITrt" type="com.sunopsis.sql.DbInt"><![CDATA[860072]]></Field>
	<Field name="ITxtUeHelp" type="com.sunopsis.sql.DbInt"><![CDATA[null]]></Field>
	<Field name="ITxtValue" type="com.sunopsis.sql.DbInt"><![CDATA[null]]></Field>
	<Field name="IUserExit" type="com.sunopsis.sql.DbInt"><![CDATA[5552072]]></Field>
	<Field name="Position" type="com.sunopsis.sql.DbInt"><![CDATA[null]]></Field>
	<Field name="ShortValue" type="java.lang.String"><![CDATA[Count(PV_GRADE)]]></Field>
	<Field name="UeName" type="java.lang.String"><![CDATA[PIVOT_AGGREGATE_FUNCTION]]></Field>
	<Field name="UeSdesc" type="java.lang.String">null</Field>
	<Field name="UeType" type="java.lang.String"><![CDATA[V]]></Field>
</Object>
<Object class="com.sunopsis.dwg.dbobj.SnpUserExit">
		<Field name="ExtVersion" type="java.lang.String">null</Field>
	<Field name="IndChange" type="java.lang.String"><![CDATA[U]]></Field>
	<Field name="ITrt" type="com.sunopsis.sql.DbInt"><![CDATA[860072]]></Field>
	<Field name="ITxtUeHelp" type="com.sunopsis.sql.DbInt"><![CDATA[null]]></Field>
	<Field name="ITxtValue" type="com.sunopsis.sql.DbInt"><![CDATA[null]]></Field>
	<Field name="IUserExit" type="com.sunopsis.sql.DbInt"><![CDATA[5550072]]></Field>
	<Field name="Position" type="com.sunopsis.sql.DbInt"><![CDATA[null]]></Field>
	<Field name="ShortValue" type="java.lang.String"><![CDATA[DEPTNO]]></Field>
	<Field name="UeName" type="java.lang.String"><![CDATA[PIVOT_FOR_CLAUSE]]></Field>
	<Field name="UeSdesc" type="java.lang.String">null</Field>
	<Field name="UeType" type="java.lang.String"><![CDATA[V]]></Field>
</Object>
<Object class="com.sunopsis.dwg.dbobj.SnpUserExit">
		<Field name="ExtVersion" type="java.lang.String">null</Field>
	<Field name="IndChange" type="java.lang.String"><![CDATA[U]]></Field>
	<Field name="ITrt" type="com.sunopsis.sql.DbInt"><![CDATA[860072]]></Field>
	<Field name="ITxtUeHelp" type="com.sunopsis.sql.DbInt"><![CDATA[null]]></Field>
	<Field name="ITxtValue" type="com.sunopsis.sql.DbInt"><![CDATA[null]]></Field>
	<Field name="IUserExit" type="com.sunopsis.sql.DbInt"><![CDATA[5551072]]></Field>
	<Field name="Position" type="com.sunopsis.sql.DbInt"><![CDATA[null]]></Field>
	<Field name="ShortValue" type="java.lang.String"><![CDATA[GRADE]]></Field>
	<Field name="UeName" type="java.lang.String"><![CDATA[PIVOT_AGGREGATE_COLUMN]]></Field>
	<Field name="UeSdesc" type="java.lang.String"><![CDATA[GRADE]]></Field>
	<Field name="UeType" type="java.lang.String"><![CDATA[V]]></Field>
</Object>
<Object class="com.sunopsis.dwg.dbobj.SnpLineTrt">
		<Field name="AlwaysExe" type="java.lang.String"><![CDATA[0]]></Field>
	<Field name="ColConnectId" type="java.lang.String">null</Field>
	<Field name="ColContextCode" type="java.lang.String">null</Field>
	<Field name="ColIndCommit" type="java.lang.String">null</Field>
	<Field name="ColIsolLevel" type="java.lang.String">null</Field>
	<Field name="ColITxt" type="com.sunopsis.sql.DbInt"><![CDATA[null]]></Field>
	<Field name="ColLschemaName" type="java.lang.String">null</Field>
	<Field name="ColPlanComp" type="java.lang.String">null</Field>
	<Field name="ColTechno" type="java.lang.String">null</Field>
	<Field name="DefConnectId" type="java.lang.String">null</Field>
	<Field name="DefContextCode" type="java.lang.String">null</Field>
	<Field name="DefIndCommit" type="java.lang.String">null</Field>
	<Field name="DefIsolLevel" type="java.lang.String">null</Field>
	<Field name="DefITxt" type="com.sunopsis.sql.DbInt"><![CDATA[26706072]]></Field>
	<Field name="DefLschemaName" type="java.lang.String">null</Field>
	<Field name="DefPlanComp" type="java.lang.String">null</Field>
	<Field name="DefTechno" type="java.lang.String"><![CDATA[ORACLE]]></Field>
	<Field name="FirstDate" type="java.sql.Timestamp"><![CDATA[2013-01-06 21:44:51.0]]></Field>
	<Field name="FirstUser" type="java.lang.String"><![CDATA[SUPERVISOR]]></Field>
	<Field name="IndErr" type="java.lang.String"><![CDATA[0]]></Field>
	<Field name="IndLogFinalCmd" type="java.lang.String"><![CDATA[0]]></Field>
	<Field name="IndLogMethod" type="java.lang.String">null</Field>
	<Field name="IndLogNb" type="java.lang.String">null</Field>
	<Field name="ITrt" type="com.sunopsis.sql.DbInt"><![CDATA[860072]]></Field>
	<Field name="KcmAk" type="java.lang.String"><![CDATA[0]]></Field>
	<Field name="KcmCond" type="java.lang.String"><![CDATA[0]]></Field>
	<Field name="KcmErrDel" type="java.lang.String"><![CDATA[0]]></Field>
	<Field name="KcmJoin" type="java.lang.String"><![CDATA[0]]></Field>
	<Field name="KcmNull" type="java.lang.String"><![CDATA[0]]></Field>
	<Field name="KcmPk" type="java.lang.String"><![CDATA[0]]></Field>
	<Field name="KimDrvdSel" type="java.lang.String"><![CDATA[0]]></Field>
	<Field name="KimIdx" type="java.lang.String"><![CDATA[0]]></Field>
	<Field name="KimJrn" type="java.lang.String"><![CDATA[0]]></Field>
	<Field name="KimJrnPop" type="java.lang.String"><![CDATA[0]]></Field>
	<Field name="KjmCreate" type="java.lang.String"><![CDATA[0]]></Field>
	<Field name="KjmDrop" type="java.lang.String"><![CDATA[0]]></Field>
	<Field name="KjmExtend" type="java.lang.String"><![CDATA[0]]></Field>
	<Field name="KjmLock" type="java.lang.String"><![CDATA[0]]></Field>
	<Field name="KjmPurge" type="java.lang.String"><![CDATA[0]]></Field>
	<Field name="KjmSetInstall" type="java.lang.String"><![CDATA[0]]></Field>
	<Field name="KjmSetUninstall" type="java.lang.String"><![CDATA[0]]></Field>
	<Field name="KjmSubscribe" type="java.lang.String"><![CDATA[0]]></Field>
	<Field name="KjmTableOrder" type="java.lang.String"><![CDATA[0]]></Field>
	<Field name="KjmUnlock" type="java.lang.String"><![CDATA[0]]></Field>
	<Field name="KjmUnsubscribe" type="java.lang.String"><![CDATA[0]]></Field>
	<Field name="KlmAfterInt" type="java.lang.String"><![CDATA[0]]></Field>
	<Field name="KlmIdx" type="java.lang.String"><![CDATA[0]]></Field>
	<Field name="KlmJrn" type="java.lang.String"><![CDATA[0]]></Field>
	<Field name="KxmUsed" type="java.lang.String">null</Field>
	<Field name="LastDate" type="java.sql.Timestamp"><![CDATA[2013-01-06 21:45:54.0]]></Field>
	<Field name="LastUser" type="java.lang.String"><![CDATA[SUPERVISOR]]></Field>
	<Field name="LogLevDet" type="java.lang.String"><![CDATA[3]]></Field>
	<Field name="OrdTrt" type="com.sunopsis.sql.DbInt"><![CDATA[100]]></Field>
	<Field name="SqlName" type="java.lang.String"><![CDATA[Truncate target]]></Field>
</Object>
<Object class="com.sunopsis.dwg.dbobj.SnpTxtHeader">
		<Field name="Enc" type="java.lang.String">null</Field>
	<Field name="EncKey" type="java.lang.String">null</Field>
	<Field name="ITxt" type="com.sunopsis.sql.DbInt"><![CDATA[26706072]]></Field>
	<Field name="ITxtOrig" type="com.sunopsis.sql.DbInt"><![CDATA[102]]></Field>
	<Field name="SqlIndGrp" type="java.lang.String"><![CDATA[2]]></Field>
 <Field name="Txt" type="java.lang.String"><![CDATA[truncate table <%=odiRef.getTable("L","TARG_NAME","A")%> ]]></Field>
</Object>
<Object class="com.sunopsis.dwg.dbobj.SnpOrigTxt">
		<Field name="ITxtOrig" type="com.sunopsis.sql.DbInt"><![CDATA[102]]></Field>
	<Field name="OrigineName" type="java.lang.String"><![CDATA[Target Technology]]></Field>
	<Field name="SnpsCol" type="java.lang.String"><![CDATA[DEF_I_TXT]]></Field>
	<Field name="SnpsTable" type="java.lang.String"><![CDATA[SNP_LINE_TRT]]></Field>
</Object>
<Object class="com.sunopsis.dwg.dbobj.SnpLineTrt">
		<Field name="AlwaysExe" type="java.lang.String"><![CDATA[0]]></Field>
	<Field name="ColConnectId" type="java.lang.String">null</Field>
	<Field name="ColContextCode" type="java.lang.String">null</Field>
	<Field name="ColIndCommit" type="java.lang.String">null</Field>
	<Field name="ColIsolLevel" type="java.lang.String">null</Field>
	<Field name="ColITxt" type="com.sunopsis.sql.DbInt"><![CDATA[null]]></Field>
	<Field name="ColLschemaName" type="java.lang.String">null</Field>
	<Field name="ColPlanComp" type="java.lang.String"><![CDATA[0]]></Field>
	<Field name="ColTechno" type="java.lang.String">null</Field>
	<Field name="DefConnectId" type="java.lang.String"><![CDATA[1]]></Field>
	<Field name="DefContextCode" type="java.lang.String">null</Field>
	<Field name="DefIndCommit" type="java.lang.String"><![CDATA[0]]></Field>
	<Field name="DefIsolLevel" type="java.lang.String">null</Field>
	<Field name="DefITxt" type="com.sunopsis.sql.DbInt"><![CDATA[26676072]]></Field>
	<Field name="DefLschemaName" type="java.lang.String">null</Field>
	<Field name="DefPlanComp" type="java.lang.String"><![CDATA[0]]></Field>
	<Field name="DefTechno" type="java.lang.String"><![CDATA[ORACLE]]></Field>
	<Field name="FirstDate" type="java.sql.Timestamp"><![CDATA[2013-01-06 21:44:51.0]]></Field>
	<Field name="FirstUser" type="java.lang.String"><![CDATA[SUPERVISOR]]></Field>
	<Field name="IndErr" type="java.lang.String"><![CDATA[0]]></Field>
	<Field name="IndLogFinalCmd" type="java.lang.String"><![CDATA[0]]></Field>
	<Field name="IndLogMethod" type="java.lang.String">null</Field>
	<Field name="IndLogNb" type="java.lang.String"><![CDATA[I]]></Field>
	<Field name="ITrt" type="com.sunopsis.sql.DbInt"><![CDATA[860072]]></Field>
	<Field name="KcmAk" type="java.lang.String"><![CDATA[0]]></Field>
	<Field name="KcmCond" type="java.lang.String"><![CDATA[0]]></Field>
	<Field name="KcmErrDel" type="java.lang.String"><![CDATA[0]]></Field>
	<Field name="KcmJoin" type="java.lang.String"><![CDATA[0]]></Field>
	<Field name="KcmNull" type="java.lang.String"><![CDATA[0]]></Field>
	<Field name="KcmPk" type="java.lang.String"><![CDATA[0]]></Field>
	<Field name="KimDrvdSel" type="java.lang.String"><![CDATA[0]]></Field>
	<Field name="KimIdx" type="java.lang.String"><![CDATA[0]]></Field>
	<Field name="KimJrn" type="java.lang.String"><![CDATA[0]]></Field>
	<Field name="KimJrnPop" type="java.lang.String"><![CDATA[0]]></Field>
	<Field name="KjmCreate" type="java.lang.String"><![CDATA[0]]></Field>
	<Field name="KjmDrop" type="java.lang.String"><![CDATA[0]]></Field>
	<Field name="KjmExtend" type="java.lang.String"><![CDATA[0]]></Field>
	<Field name="KjmLock" type="java.lang.String"><![CDATA[0]]></Field>
	<Field name="KjmPurge" type="java.lang.String"><![CDATA[0]]></Field>
	<Field name="KjmSetInstall" type="java.lang.String"><![CDATA[0]]></Field>
	<Field name="KjmSetUninstall" type="java.lang.String"><![CDATA[0]]></Field>
	<Field name="KjmSubscribe" type="java.lang.String"><![CDATA[0]]></Field>
	<Field name="KjmTableOrder" type="java.lang.String"><![CDATA[0]]></Field>
	<Field name="KjmUnlock" type="java.lang.String"><![CDATA[0]]></Field>
	<Field name="KjmUnsubscribe" type="java.lang.String"><![CDATA[0]]></Field>
	<Field name="KlmAfterInt" type="java.lang.String"><![CDATA[0]]></Field>
	<Field name="KlmIdx" type="java.lang.String"><![CDATA[0]]></Field>
	<Field name="KlmJrn" type="java.lang.String"><![CDATA[0]]></Field>
	<Field name="KxmUsed" type="java.lang.String">null</Field>
	<Field name="LastDate" type="java.sql.Timestamp"><![CDATA[2013-01-06 22:11:08.0]]></Field>
	<Field name="LastUser" type="java.lang.String"><![CDATA[SUPERVISOR]]></Field>
	<Field name="LogLevDet" type="java.lang.String"><![CDATA[3]]></Field>
	<Field name="OrdTrt" type="com.sunopsis.sql.DbInt"><![CDATA[110]]></Field>
	<Field name="SqlName" type="java.lang.String"><![CDATA[Insert new rows]]></Field>
</Object>
<Object class="com.sunopsis.dwg.dbobj.SnpTxtHeader">
		<Field name="Enc" type="java.lang.String">null</Field>
	<Field name="EncKey" type="java.lang.String">null</Field>
	<Field name="ITxt" type="com.sunopsis.sql.DbInt"><![CDATA[26676072]]></Field>
	<Field name="ITxtOrig" type="com.sunopsis.sql.DbInt"><![CDATA[102]]></Field>
	<Field name="SqlIndGrp" type="java.lang.String"><![CDATA[2]]></Field>
 <Field name="Txt" type="java.lang.String"><![CDATA[insert into	<%=odiRef.getTable("L","TARG_NAME","A")%> 
( 
	<%=odiRef.getColList("", "[COL_NAME]", ",\n\t", "", "INS and REW")%> 
) 

select  <%=odiRef.getColList("", "[COL_NAME]", ",\n\t", "", "INS and REW")%> from
(
select	<%=odiRef.getColList("", "[COL_NAME]", ",\n\t", "", "((INS and !TRG) and REW)")%>,
	<%=odiRef.getOption("PIVOT_FOR_CLAUSE")%> as PV_<%=odiRef.getOption("PIVOT_FOR_CLAUSE")%>, 
	<%=odiRef.getOption("PIVOT_AGGREGATE_COLUMN")%> as PV_<%=odiRef.getOption("PIVOT_AGGREGATE_COLUMN")%>
from	<%=odiRef.getFrom()%> 
where (1=1) <%=odiRef.getJoin()%>
<%=odiRef.getFilter()%>)
PIVOT(<%=odiRef.getOption("PIVOT_AGGREGATE_FUNCTION")%>  for  PV_<%=odiRef.getOption("PIVOT_FOR_CLAUSE")%> in
(<%=odiRef.getColList("", "[EXPRESSION] as [COL_NAME]", ",\n\t", "", "((INS and TRG) and REW)")%>))]]></Field>
</Object>
<Object class="com.sunopsis.dwg.dbobj.SnpLineTrt">
		<Field name="AlwaysExe" type="java.lang.String"><![CDATA[0]]></Field>
	<Field name="ColConnectId" type="java.lang.String">null</Field>
	<Field name="ColContextCode" type="java.lang.String">null</Field>
	<Field name="ColIndCommit" type="java.lang.String">null</Field>
	<Field name="ColIsolLevel" type="java.lang.String">null</Field>
	<Field name="ColITxt" type="com.sunopsis.sql.DbInt"><![CDATA[null]]></Field>
	<Field name="ColLschemaName" type="java.lang.String">null</Field>
	<Field name="ColPlanComp" type="java.lang.String"><![CDATA[0]]></Field>
	<Field name="ColTechno" type="java.lang.String">null</Field>
	<Field name="DefConnectId" type="java.lang.String"><![CDATA[1]]></Field>
	<Field name="DefContextCode" type="java.lang.String">null</Field>
	<Field name="DefIndCommit" type="java.lang.String"><![CDATA[1]]></Field>
	<Field name="DefIsolLevel" type="java.lang.String">null</Field>
	<Field name="DefITxt" type="com.sunopsis.sql.DbInt"><![CDATA[26677072]]></Field>
	<Field name="DefLschemaName" type="java.lang.String">null</Field>
	<Field name="DefPlanComp" type="java.lang.String"><![CDATA[0]]></Field>
	<Field name="DefTechno" type="java.lang.String">null</Field>
	<Field name="FirstDate" type="java.sql.Timestamp"><![CDATA[2013-01-06 21:44:51.0]]></Field>
	<Field name="FirstUser" type="java.lang.String"><![CDATA[SUPERVISOR]]></Field>
	<Field name="IndErr" type="java.lang.String"><![CDATA[0]]></Field>
	<Field name="IndLogFinalCmd" type="java.lang.String">null</Field>
	<Field name="IndLogMethod" type="java.lang.String">null</Field>
	<Field name="IndLogNb" type="java.lang.String">null</Field>
	<Field name="ITrt" type="com.sunopsis.sql.DbInt"><![CDATA[860072]]></Field>
	<Field name="KcmAk" type="java.lang.String"><![CDATA[0]]></Field>
	<Field name="KcmCond" type="java.lang.String"><![CDATA[0]]></Field>
	<Field name="KcmErrDel" type="java.lang.String"><![CDATA[0]]></Field>
	<Field name="KcmJoin" type="java.lang.String"><![CDATA[0]]></Field>
	<Field name="KcmNull" type="java.lang.String"><![CDATA[0]]></Field>
	<Field name="KcmPk" type="java.lang.String"><![CDATA[0]]></Field>
	<Field name="KimDrvdSel" type="java.lang.String">null</Field>
	<Field name="KimIdx" type="java.lang.String"><![CDATA[0]]></Field>
	<Field name="KimJrn" type="java.lang.String"><![CDATA[0]]></Field>
	<Field name="KimJrnPop" type="java.lang.String"><![CDATA[0]]></Field>
	<Field name="KjmCreate" type="java.lang.String"><![CDATA[0]]></Field>
	<Field name="KjmDrop" type="java.lang.String"><![CDATA[0]]></Field>
	<Field name="KjmExtend" type="java.lang.String"><![CDATA[0]]></Field>
	<Field name="KjmLock" type="java.lang.String"><![CDATA[0]]></Field>
	<Field name="KjmPurge" type="java.lang.String"><![CDATA[0]]></Field>
	<Field name="KjmSetInstall" type="java.lang.String"><![CDATA[0]]></Field>
	<Field name="KjmSetUninstall" type="java.lang.String"><![CDATA[0]]></Field>
	<Field name="KjmSubscribe" type="java.lang.String"><![CDATA[0]]></Field>
	<Field name="KjmTableOrder" type="java.lang.String"><![CDATA[0]]></Field>
	<Field name="KjmUnlock" type="java.lang.String"><![CDATA[0]]></Field>
	<Field name="KjmUnsubscribe" type="java.lang.String"><![CDATA[0]]></Field>
	<Field name="KlmAfterInt" type="java.lang.String"><![CDATA[0]]></Field>
	<Field name="KlmIdx" type="java.lang.String"><![CDATA[0]]></Field>
	<Field name="KlmJrn" type="java.lang.String"><![CDATA[0]]></Field>
	<Field name="KxmUsed" type="java.lang.String">null</Field>
	<Field name="LastDate" type="java.sql.Timestamp"><![CDATA[2013-01-06 21:44:51.0]]></Field>
	<Field name="LastUser" type="java.lang.String"><![CDATA[SUPERVISOR]]></Field>
	<Field name="LogLevDet" type="java.lang.String"><![CDATA[3]]></Field>
	<Field name="OrdTrt" type="com.sunopsis.sql.DbInt"><![CDATA[120]]></Field>
	<Field name="SqlName" type="java.lang.String"><![CDATA[Commit transaction]]></Field>
</Object>
<Object class="com.sunopsis.dwg.dbobj.SnpTxtHeader">
		<Field name="Enc" type="java.lang.String">null</Field>
	<Field name="EncKey" type="java.lang.String">null</Field>
	<Field name="ITxt" type="com.sunopsis.sql.DbInt"><![CDATA[26677072]]></Field>
	<Field name="ITxtOrig" type="com.sunopsis.sql.DbInt"><![CDATA[102]]></Field>
	<Field name="SqlIndGrp" type="java.lang.String"><![CDATA[0]]></Field>
 <Field name="Txt" type="java.lang.String"><![CDATA[/* commit */]]></Field>
</Object>
<Object class="com.sunopsis.dwg.dbobj.SnpLineTrtUe">
		<Field name="ITrt" type="com.sunopsis.sql.DbInt"><![CDATA[860072]]></Field>
	<Field name="IUserExit" type="com.sunopsis.sql.DbInt"><![CDATA[5553072]]></Field>
	<Field name="OrdTrt" type="com.sunopsis.sql.DbInt"><![CDATA[100]]></Field>
</Object>
<Object class="com.sunopsis.dwg.dbobj.SnpLineTrtUe">
		<Field name="ITrt" type="com.sunopsis.sql.DbInt"><![CDATA[860072]]></Field>
	<Field name="IUserExit" type="com.sunopsis.sql.DbInt"><![CDATA[5536072]]></Field>
	<Field name="OrdTrt" type="com.sunopsis.sql.DbInt"><![CDATA[110]]></Field>
</Object>
<Object class="com.sunopsis.dwg.dbobj.SnpLineTrtUe">
		<Field name="ITrt" type="com.sunopsis.sql.DbInt"><![CDATA[860072]]></Field>
	<Field name="IUserExit" type="com.sunopsis.sql.DbInt"><![CDATA[5537072]]></Field>
	<Field name="OrdTrt" type="com.sunopsis.sql.DbInt"><![CDATA[120]]></Field>
</Object>
<Object class="com.sunopsis.dwg.dbobj.SnpImportRep">
		<Field name="RepShortId" type="com.sunopsis.sql.DbInt"><![CDATA[72]]></Field>
	<Field name="RepTimestamp" type="java.lang.String"><![CDATA[1226360535578]]></Field>
</Object>
<Object class="com.sunopsis.dwg.dbobj.SnpImportRep">
		<Field name="RepShortId" type="com.sunopsis.sql.DbInt"><![CDATA[1]]></Field>
	<Field name="RepTimestamp" type="java.lang.String"><![CDATA[1302621130173]]></Field>
</Object>
<Object class="com.sunopsis.dwg.dbobj.SnpImportRep">
		<Field name="RepShortId" type="com.sunopsis.sql.DbInt"><![CDATA[70]]></Field>
	<Field name="RepTimestamp" type="java.lang.String"><![CDATA[1323112116469]]></Field>
</Object>
<Object class="com.sunopsis.dwg.dbobj.SnpImportRep">
		<Field name="RepShortId" type="com.sunopsis.sql.DbInt"><![CDATA[73]]></Field>
	<Field name="RepTimestamp" type="java.lang.String"><![CDATA[1351776097625]]></Field>
</Object>
<Object class="com.sunopsis.dwg.DwgExportSummary">
		<Field name="ExpTxtNb" type="com.sunopsis.sql.DbInt"><![CDATA[0]]></Field>
	<Field name="InstObjNb" type="com.sunopsis.sql.DbInt"><![CDATA[0]]></Field>
	<Field name="JoinColNb" type="com.sunopsis.sql.DbInt"><![CDATA[0]]></Field>
	<Field name="JoinNb" type="com.sunopsis.sql.DbInt"><![CDATA[0]]></Field>
	<Field name="KeyColNb" type="com.sunopsis.sql.DbInt"><![CDATA[0]]></Field>
	<Field name="KeyNb" type="com.sunopsis.sql.DbInt"><![CDATA[0]]></Field>
	<Field name="LinkDiagNb" type="com.sunopsis.sql.DbInt"><![CDATA[0]]></Field>
	<Field name="MorigTxtNb" type="com.sunopsis.sql.DbInt"><![CDATA[0]]></Field>
	<Field name="MtxtNb" type="com.sunopsis.sql.DbInt"><![CDATA[0]]></Field>
	<Field name="OrigTxtNb" type="com.sunopsis.sql.DbInt"><![CDATA[3]]></Field>
	<Field name="OtherObjectsNb" type="com.sunopsis.sql.DbInt"><![CDATA[13]]></Field>
	<Field name="PlanAgentNb" type="com.sunopsis.sql.DbInt"><![CDATA[0]]></Field>
	<Field name="StepNb" type="com.sunopsis.sql.DbInt"><![CDATA[0]]></Field>
	<Field name="TxtNb" type="com.sunopsis.sql.DbInt"><![CDATA[6]]></Field>
	<Field name="UeOrigNb" type="com.sunopsis.sql.DbInt"><![CDATA[0]]></Field>
	<Field name="UeUsedNb" type="com.sunopsis.sql.DbInt"><![CDATA[0]]></Field>
	<Field name="VarPlanAgentNb" type="com.sunopsis.sql.DbInt"><![CDATA[0]]></Field>
	<Field name="ScenTxtNb" type="com.sunopsis.sql.DbInt"><![CDATA[0]]></Field>
	<Field name="OdiVersion" type="java.lang.String"><![CDATA[11.1.1.6.0 - 19/12/2011]]></Field>
	<Field name="OriginRepositoryID" type="com.sunopsis.sql.DbInt"><![CDATA[72]]></Field>
	<Field name="RepositoryVersion" type="java.lang.String"><![CDATA[04.03.04.02]]></Field>
</Object>
</SunopsisExport>
